Account,date,classification,Daily_PnL,Total_Trades,Avg_Trade_Size_USD,Winning_Day,Win_Rate,Total_Volume_USD
0x083384f897ee0f19899168e3b1bec365f52a9012,2024-11-11,Extreme Greed,0.0,177,5089.718248587571,False,66.66666666666666,900880.13
0x083384f897ee0f19899168e3b1bec365f52a9012,2024-11-17,Extreme Greed,0.0,68,7976.664411764705,False,66.66666666666666,542413.1799999999
0x083384f897ee0f19899168e3b1bec365f52a9012,2024-11-18,Extreme Greed,0.0,40,23734.5,False,66.66666666666666,949380.0
0x083384f897ee0f19899168e3b1bec365f52a9012,2024-11-22,Extreme Greed,-21227.0,12,28186.666666666668,False,66.66666666666666,338240.0
0x083384f897ee0f19899168e3b1bec365f52a9012,2024-11-26,Extreme Greed,1603.1,27,17248.14814814815,True,66.66666666666666,465700.0
0x083384f897ee0f19899168e3b1bec365f52a9012,2024-11-28,Extreme Greed,-132271.0,82,16058.536341463414,False,66.66666666666666,1316799.98
0x083384f897ee0f19899168e3b1bec365f52a9012,2024-11-30,Extreme Greed,0.0,23,48561.68565217392,False,66.66666666666666,1116918.77
0x083384f897ee0f19899168e3b1bec365f52a9012,2024-12-06,Greed,-175611.00005600002,33,36736.36242424243,False,66.66666666666666,1212299.96
0x083384f897ee0f19899168e3b1bec365f52a9012,2025-01-19,Extreme Greed,71393.964098,465,11410.954021505377,True,66.66666666666666,5306093.62
0x083384f897ee0f19899168e3b1bec365f52a9012,2025-01-20,Extreme Greed,40218.599998,51,9400.588039215687,True,66.66666666666666,479429.99
0x083384f897ee0f19899168e3b1bec365f52a9012,2025-02-02,Greed,76710.0,10,185847.0,True,66.66666666666666,1858470.0
0x083384f897ee0f19899168e3b1bec365f52a9012,2025-02-03,Fear,101011.685664,839,23593.019856972587,True,66.66666666666666,19794543.66
0x083384f897ee0f19899168e3b1bec365f52a9012,2025-02-04,Greed,375620.270243,531,10576.687156308852,True,66.66666666666666,5616220.88
0x083384f897ee0f19899168e3b1bec365f52a9012,2025-02-05,Neutral,44400.9058,210,26585.06338095238,True,66.66666666666666,5582863.31
0x083384f897ee0f19899168e3b1bec365f52a9012,2025-02-09,Neutral,30897.0887,141,10161.056241134751,True,66.66666666666666,1432708.93
0x083384f897ee0f19899168e3b1bec365f52a9012,2025-02-10,Fear,55086.0,48,32032.5,True,66.66666666666666,1537560.0
0x083384f897ee0f19899168e3b1bec365f52a9012,2025-02-11,Neutral,0.0,6,134600.00166666668,False,66.66666666666666,807600.01
0x083384f897ee0f19899168e3b1bec365f52a9012,2025-02-24,Neutral,10152.12224,59,27178.041694915253,True,66.66666666666666,1603504.46
0x083384f897ee0f19899168e3b1bec365f52a9012,2025-02-25,Fear,115445.395538,219,13233.776894977169,True,66.66666666666666,2898197.14
0x083384f897ee0f19899168e3b1bec365f52a9012,2025-02-28,Extreme Fear,115287.0,55,24958.908545454546,True,66.66666666666666,1372739.97
0x083384f897ee0f19899168e3b1bec365f52a9012,2025-03-01,Extreme Fear,9482.221441,45,2985.797555555556,True,66.66666666666666,134360.89
0x083384f897ee0f19899168e3b1bec365f52a9012,2025-03-03,Fear,533974.662903,641,8371.136099843994,True,66.66666666666666,5365898.24
0x083384f897ee0f19899168e3b1bec365f52a9012,2025-03-24,Neutral,40200.0,5,79640.0,True,66.66666666666666,398200.0
0x083384f897ee0f19899168e3b1bec365f52a9012,2025-04-12,Fear,307855.80341,31,21491.640322580646,True,66.66666666666666,666240.85
0x23e7a7f8d14b550961925fbfdaa92f5d195ba5bd,2024-11-30,Extreme Greed,11715.94323,55,2469.9509090909087,True,55.769230769230774,135847.3
0x23e7a7f8d14b550961925fbfdaa92f5d195ba5bd,2024-12-01,Extreme Greed,0.0,1,0.06,False,55.769230769230774,0.06
0x23e7a7f8d14b550961925fbfdaa92f5d195ba5bd,2024-12-06,Greed,0.0,34,1426.8700000000001,False,55.769230769230774,48513.58
0x23e7a7f8d14b550961925fbfdaa92f5d195ba5bd,2024-12-07,Extreme Greed,3515.031065,26,2001.101153846154,True,55.769230769230774,52028.630000000005
0x23e7a7f8d14b550961925fbfdaa92f5d195ba5bd,2024-12-09,Extreme Greed,0.0,46,1131.888695652174,False,55.769230769230774,52066.88
0x23e7a7f8d14b550961925fbfdaa92f5d195ba5bd,2024-12-10,Extreme Greed,2517.787385,64,852.88625,True,55.769230769230774,54584.72
0x23e7a7f8d14b550961925fbfdaa92f5d195ba5bd,2024-12-18,Extreme Greed,1613.165903,59,1913.523898305085,True,55.769230769230774,112897.91
0x23e7a7f8d14b550961925fbfdaa92f5d195ba5bd,2024-12-19,Extreme Greed,0.0,1,0.11,False,55.769230769230774,0.11
0x23e7a7f8d14b550961925fbfdaa92f5d195ba5bd,2024-12-20,Greed,1245.51851,34,10051.199411764705,True,55.769230769230774,341740.77999999997
0x23e7a7f8d14b550961925fbfdaa92f5d195ba5bd,2025-01-13,Greed,0.0,13,2845.9646153846156,False,55.769230769230774,36997.54
0x23e7a7f8d14b550961925fbfdaa92f5d195ba5bd,2025-01-17,Extreme Greed,4493.232479,17,2440.6282352941175,True,55.769230769230774,41490.68
0x23e7a7f8d14b550961925fbfdaa92f5d195ba5bd,2025-01-18,Extreme Greed,1047.030992,39,2154.3915384615384,True,55.769230769230774,84021.26999999999
0x23e7a7f8d14b550961925fbfdaa92f5d195ba5bd,2025-01-19,Extreme Greed,4842.054317,124,2194.294758064516,True,55.769230769230774,272092.55
0x23e7a7f8d14b550961925fbfdaa92f5d195ba5bd,2025-01-24,Extreme Greed,1693.493165,339,1737.369557522124,True,55.769230769230774,588968.28
0x23e7a7f8d14b550961925fbfdaa92f5d195ba5bd,2025-01-25,Extreme Greed,4221.156399,54,2398.331666666667,True,55.769230769230774,129509.91
0x23e7a7f8d14b550961925fbfdaa92f5d195ba5bd,2025-01-27,Greed,0.0,44,1519.465681818182,False,55.769230769230774,66856.49
0x23e7a7f8d14b550961925fbfdaa92f5d195ba5bd,2025-01-28,Greed,6899.2458320000005,56,1317.0667857142857,True,55.769230769230774,73755.74
0x23e7a7f8d14b550961925fbfdaa92f5d195ba5bd,2025-01-29,Greed,0.0,46,1602.9452173913044,False,55.769230769230774,73735.48
0x23e7a7f8d14b550961925fbfdaa92f5d195ba5bd,2025-01-30,Greed,7372.485101,55,1474.6896363636365,True,55.769230769230774,81107.93000000001
0x23e7a7f8d14b550961925fbfdaa92f5d195ba5bd,2025-02-01,Greed,1162.002541,78,2094.719358974359,True,55.769230769230774,163388.11
0x23e7a7f8d14b550961925fbfdaa92f5d195ba5bd,2025-02-02,Greed,6352.452613,517,2792.42166344294,True,55.769230769230774,1443682.0
0x23e7a7f8d14b550961925fbfdaa92f5d195ba5bd,2025-02-11,Neutral,-12346.990829,124,612.1092741935485,False,55.769230769230774,75901.55
0x23e7a7f8d14b550961925fbfdaa92f5d195ba5bd,2025-02-12,Neutral,355.5854,159,2687.4032704402516,True,55.769230769230774,427297.12
0x23e7a7f8d14b550961925fbfdaa92f5d195ba5bd,2025-02-24,Neutral,1129.8489260000001,160,1641.2224999999999,True,55.769230769230774,262595.6
0x23e7a7f8d14b550961925fbfdaa92f5d195ba5bd,2025-02-25,Fear,-6820.76955,1,82910.81,False,55.769230769230774,82910.81
0x23e7a7f8d14b550961925fbfdaa92f5d195ba5bd,2025-02-28,Extreme Fear,0.0,52,1462.824423076923,False,55.769230769230774,76066.87
0x23e7a7f8d14b550961925fbfdaa92f5d195ba5bd,2025-03-03,Fear,2480.902379,110,1999.099181818182,True,55.769230769230774,219900.91
0x23e7a7f8d14b550961925fbfdaa92f5d195ba5bd,2025-03-04,Extreme Fear,-3169.3554679999997,65,1756.5103076923076,False,55.769230769230774,114173.17
0x23e7a7f8d14b550961925fbfdaa92f5d195ba5bd,2025-03-07,Fear,0.0,37,1499.4978378378378,False,55.769230769230774,55481.42
0x23e7a7f8d14b550961925fbfdaa92f5d195ba5bd,2025-03-08,Fear,2099.019688,47,1225.1170212765958,True,55.769230769230774,57580.5
0x23e7a7f8d14b550961925fbfdaa92f5d195ba5bd,2025-03-09,Fear,656.540742,65,2676.518153846154,True,55.769230769230774,173973.68
0x23e7a7f8d14b550961925fbfdaa92f5d195ba5bd,2025-03-10,Extreme Fear,-1065.797583,53,3326.2756603773582,False,55.769230769230774,176292.61
0x23e7a7f8d14b550961925fbfdaa92f5d195ba5bd,2025-03-12,Fear,1591.753271,53,2184.328113207547,True,55.769230769230774,115769.39
0x23e7a7f8d14b550961925fbfdaa92f5d195ba5bd,2025-03-13,Neutral,-2315.377191,27,4259.311481481482,False,55.769230769230774,115001.41
0x23e7a7f8d14b550961925fbfdaa92f5d195ba5bd,2025-03-28,Fear,0.0,42,1460.115,False,55.769230769230774,61324.83
0x23e7a7f8d14b550961925fbfdaa92f5d195ba5bd,2025-03-29,Fear,-5018.466447,97,580.479381443299,False,55.769230769230774,56306.5
0x23e7a7f8d14b550961925fbfdaa92f5d195ba5bd,2025-03-31,Fear,716.143949,155,730.8744516129032,True,55.769230769230774,113285.54
0x23e7a7f8d14b550961925fbfdaa92f5d195ba5bd,2025-04-03,Fear,0.0,1,54768.6,False,55.769230769230774,54768.6
0x23e7a7f8d14b550961925fbfdaa92f5d195ba5bd,2025-04-15,Fear,0.0,1,16.37,False,55.769230769230774,16.37
0x23e7a7f8d14b550961925fbfdaa92f5d195ba5bd,2025-04-16,Fear,-95.985744,88,780.4484090909092,False,55.769230769230774,68679.46
0x23e7a7f8d14b550961925fbfdaa92f5d195ba5bd,2025-04-17,Fear,-133.41237,125,730.92608,False,55.769230769230774,91365.76
0x23e7a7f8d14b550961925fbfdaa92f5d195ba5bd,2025-04-18,Fear,951.934443,689,766.7829027576198,True,55.769230769230774,528313.42
0x23e7a7f8d14b550961925fbfdaa92f5d195ba5bd,2025-04-19,Fear,371.503,411,552.0850851581508,True,55.769230769230774,226906.97
0x23e7a7f8d14b550961925fbfdaa92f5d195ba5bd,2025-04-20,Fear,-1892.58947,603,963.6022222222223,False,55.769230769230774,581052.14
0x23e7a7f8d14b550961925fbfdaa92f5d195ba5bd,2025-04-21,Fear,3434.689308,97,887.6931958762888,True,55.769230769230774,86106.24
0x23e7a7f8d14b550961925fbfdaa92f5d195ba5bd,2025-04-23,Greed,2654.14315,568,2593.2515492957746,True,55.769230769230774,1472966.88
0x23e7a7f8d14b550961925fbfdaa92f5d195ba5bd,2025-04-24,Greed,1867.252909,680,1679.7829852941175,True,55.769230769230774,1142252.43
0x23e7a7f8d14b550961925fbfdaa92f5d195ba5bd,2025-04-25,Greed,1969.39321,330,3782.839757575757,True,55.769230769230774,1248337.1199999999
0x23e7a7f8d14b550961925fbfdaa92f5d195ba5bd,2025-04-26,Greed,-4648.8710550000005,338,284.5678402366864,False,55.769230769230774,96183.93
0x23e7a7f8d14b550961925fbfdaa92f5d195ba5bd,2025-04-27,Greed,0.0,67,1435.3307462686569,False,55.769230769230774,96167.16
0x23e7a7f8d14b550961925fbfdaa92f5d195ba5bd,2025-04-30,Greed,5179.772745,83,1221.0467469879518,True,55.769230769230774,101346.88
0x23e7a7f8d14b550961925fbfdaa92f5d195ba5bd,2025-05-01,Neutral,1243.853569,250,815.50576,True,55.769230769230774,203876.44
0x271b280974205ca63b716753467d5a371de622ab,2024-07-15,Neutral,-1.0,5,6070.2,False,66.66666666666666,30351.0
0x271b280974205ca63b716753467d5a371de622ab,2024-11-29,Extreme Greed,1584.342755,1,1584.35,True,66.66666666666666,1584.35
0x271b280974205ca63b716753467d5a371de622ab,2024-12-05,Extreme Greed,208.81746,4,39530.9875,True,66.66666666666666,158123.95
0x271b280974205ca63b716753467d5a371de622ab,2025-04-09,Extreme Fear,16706.884912,797,6131.710464240904,True,66.66666666666666,4886973.24
0x271b280974205ca63b716753467d5a371de622ab,2025-04-10,Fear,13264.043303999999,339,21898.95651917404,True,66.66666666666666,7423746.26
0x271b280974205ca63b716753467d5a371de622ab,2025-04-19,Fear,5942.547242,313,8678.024504792333,True,66.66666666666666,2716221.67
0x271b280974205ca63b716753467d5a371de622ab,2025-04-20,Fear,8277.307357,863,3079.8473348783314,True,66.66666666666666,2657908.25
0x271b280974205ca63b716753467d5a371de622ab,2025-04-21,Fear,2638.012587,353,1965.9329745042492,True,66.66666666666666,693974.34
0x271b280974205ca63b716753467d5a371de622ab,2025-04-22,Neutral,-19037.340561,594,8110.89095959596,False,66.66666666666666,4817869.23
0x271b280974205ca63b716753467d5a371de622ab,2025-04-23,Greed,-108176.9187,469,20030.785479744136,False,66.66666666666666,9394438.39
0x271b280974205ca63b716753467d5a371de622ab,2025-04-24,Greed,8157.112326,70,15603.565285714287,True,66.66666666666666,1092249.57
0x271b280974205ca63b716753467d5a371de622ab,2025-04-25,Greed,0.0,1,0.17,False,66.66666666666666,0.17
0x28736f43f1e871e6aa8b1148d38d4994275d72c4,2024-11-16,Extreme Greed,159.100072,93,373.7049462365591,True,88.88888888888889,34754.56
0x28736f43f1e871e6aa8b1148d38d4994275d72c4,2024-11-17,Extreme Greed,161.289904,95,353.5228421052631,True,88.88888888888889,33584.67
0x28736f43f1e871e6aa8b1148d38d4994275d72c4,2024-11-18,Extreme Greed,147.410285,162,666.941975308642,True,88.88888888888889,108044.6
0x28736f43f1e871e6aa8b1148d38d4994275d72c4,2024-11-19,Extreme Greed,233.36546,213,895.9638028169014,True,88.88888888888889,190840.29
0x28736f43f1e871e6aa8b1148d38d4994275d72c4,2024-11-20,Extreme Greed,-316.245208,407,2149.553218673219,False,88.88888888888889,874868.16
0x28736f43f1e871e6aa8b1148d38d4994275d72c4,2024-11-21,Extreme Greed,780.001314,446,729.007130044843,True,88.88888888888889,325137.18
0x28736f43f1e871e6aa8b1148d38d4994275d72c4,2024-11-22,Extreme Greed,141.21958999999998,433,422.0099076212471,True,88.88888888888889,182730.29
0x28736f43f1e871e6aa8b1148d38d4994275d72c4,2024-11-23,Extreme Greed,673.6312,156,333.45923076923077,True,88.88888888888889,52019.64
0x28736f43f1e871e6aa8b1148d38d4994275d72c4,2024-11-24,Extreme Greed,108.321127,69,200.7391304347826,True,88.88888888888889,13851.0
0x28736f43f1e871e6aa8b1148d38d4994275d72c4,2024-11-25,Extreme Greed,464.281002,225,324.3673333333333,True,88.88888888888889,72982.65
0x28736f43f1e871e6aa8b1148d38d4994275d72c4,2024-11-26,Extreme Greed,-508.290641,217,1012.5778341013826,False,88.88888888888889,219729.39
0x28736f43f1e871e6aa8b1148d38d4994275d72c4,2024-11-27,Extreme Greed,193.66415899999998,169,1110.83224852071,True,88.88888888888889,187730.65
0x28736f43f1e871e6aa8b1148d38d4994275d72c4,2024-11-28,Extreme Greed,165.532644,207,946.0768115942029,True,88.88888888888889,195837.9
0x28736f43f1e871e6aa8b1148d38d4994275d72c4,2024-11-29,Extreme Greed,9551.73423,206,388.948786407767,True,88.88888888888889,80123.45
0x28736f43f1e871e6aa8b1148d38d4994275d72c4,2024-11-30,Extreme Greed,5590.528248,154,315.52253246753247,True,88.88888888888889,48590.47
0x28736f43f1e871e6aa8b1148d38d4994275d72c4,2024-12-01,Extreme Greed,4458.25495,193,247.12725388601035,True,88.88888888888889,47695.56
0x28736f43f1e871e6aa8b1148d38d4994275d72c4,2024-12-02,Extreme Greed,1283.846047,140,140.36935714285713,True,88.88888888888889,19651.71
0x28736f43f1e871e6aa8b1148d38d4994275d72c4,2024-12-03,Extreme Greed,1190.358719,78,92.37217948717948,True,88.88888888888889,7205.03
0x28736f43f1e871e6aa8b1148d38d4994275d72c4,2024-12-04,Extreme Greed,9066.169646,112,165.78285714285715,True,88.88888888888889,18567.68
0x28736f43f1e871e6aa8b1148d38d4994275d72c4,2024-12-05,Extreme Greed,14685.787664,98,259.2459183673469,True,88.88888888888889,25406.1
0x28736f43f1e871e6aa8b1148d38d4994275d72c4,2024-12-06,Greed,389.176232,69,129.80536231884057,True,88.88888888888889,8956.57
0x28736f43f1e871e6aa8b1148d38d4994275d72c4,2024-12-07,Extreme Greed,4008.012049,86,159.67825581395348,True,88.88888888888889,13732.33
0x28736f43f1e871e6aa8b1148d38d4994275d72c4,2024-12-08,Extreme Greed,554.009942,102,77.67176470588235,True,88.88888888888889,7922.52
0x28736f43f1e871e6aa8b1148d38d4994275d72c4,2024-12-09,Extreme Greed,768.430838,213,88.1318309859155,True,88.88888888888889,18772.08
0x28736f43f1e871e6aa8b1148d38d4994275d72c4,2024-12-10,Extreme Greed,980.557461,157,119.62222929936306,True,88.88888888888889,18780.69
0x28736f43f1e871e6aa8b1148d38d4994275d72c4,2024-12-11,Greed,1582.001112,93,124.41204301075268,True,88.88888888888889,11570.32
0x28736f43f1e871e6aa8b1148d38d4994275d72c4,2024-12-12,Extreme Greed,5806.86932,147,150.14530612244897,True,88.88888888888889,22071.36
0x28736f43f1e871e6aa8b1148d38d4994275d72c4,2024-12-13,Extreme Greed,1522.284412,155,88.59193548387097,True,88.88888888888889,13731.75
0x28736f43f1e871e6aa8b1148d38d4994275d72c4,2024-12-14,Extreme Greed,13281.73126,154,187.5361038961039,True,88.88888888888889,28880.56
0x28736f43f1e871e6aa8b1148d38d4994275d72c4,2024-12-15,Extreme Greed,5389.96219,137,125.00722627737227,True,88.88888888888889,17125.99
0x28736f43f1e871e6aa8b1148d38d4994275d72c4,2024-12-16,Extreme Greed,13190.248859,230,131.2383043478261,True,88.88888888888889,30184.81
0x28736f43f1e871e6aa8b1148d38d4994275d72c4,2024-12-17,Extreme Greed,4454.939378,181,112.67668508287292,True,88.88888888888889,20394.48
0x28736f43f1e871e6aa8b1148d38d4994275d72c4,2024-12-18,Extreme Greed,3624.489655,191,124.92068062827224,True,88.88888888888889,23859.85
0x28736f43f1e871e6aa8b1148d38d4994275d72c4,2024-12-19,Extreme Greed,1525.329937,204,197.00485294117647,True,88.88888888888889,40188.99
0x28736f43f1e871e6aa8b1148d38d4994275d72c4,2024-12-20,Greed,7812.716373,194,289.6046907216495,True,88.88888888888889,56183.31
0x28736f43f1e871e6aa8b1148d38d4994275d72c4,2024-12-21,Greed,7465.899936,107,215.33785046728974,True,88.88888888888889,23041.15
0x28736f43f1e871e6aa8b1148d38d4994275d72c4,2024-12-22,Greed,1174.025529,79,174.83481012658228,True,88.88888888888889,13811.95
0x28736f43f1e871e6aa8b1148d38d4994275d72c4,2024-12-23,Greed,122.889996,95,212.30473684210526,True,88.88888888888889,20168.95
0x28736f43f1e871e6aa8b1148d38d4994275d72c4,2024-12-24,Greed,1555.956456,48,282.42354166666667,True,88.88888888888889,13556.33
0x28736f43f1e871e6aa8b1148d38d4994275d72c4,2024-12-25,Greed,1530.919365,66,284.1157575757576,True,88.88888888888889,18751.64
0x28736f43f1e871e6aa8b1148d38d4994275d72c4,2024-12-26,Extreme Greed,101.860928,84,223.8904761904762,True,88.88888888888889,18806.8
0x28736f43f1e871e6aa8b1148d38d4994275d72c4,2024-12-27,Greed,388.366016,73,221.81794520547948,True,88.88888888888889,16192.710000000001
0x28736f43f1e871e6aa8b1148d38d4994275d72c4,2024-12-28,Greed,506.512551,63,166.3415873015873,True,88.88888888888889,10479.52
0x28736f43f1e871e6aa8b1148d38d4994275d72c4,2024-12-29,Greed,115.51218300000001,34,140.99176470588236,True,88.88888888888889,4793.72
0x28736f43f1e871e6aa8b1148d38d4994275d72c4,2024-12-30,Greed,255.808312,125,455.63544,True,88.88888888888889,56954.43
0x28736f43f1e871e6aa8b1148d38d4994275d72c4,2024-12-31,Greed,496.221792,107,1121.107570093458,True,88.88888888888889,119958.51
0x28736f43f1e871e6aa8b1148d38d4994275d72c4,2025-01-01,Greed,109.82694000000001,59,263.3476271186441,True,88.88888888888889,15537.51
0x28736f43f1e871e6aa8b1148d38d4994275d72c4,2025-01-02,Greed,416.546688,101,217.69336633663366,True,88.88888888888889,21987.03
0x28736f43f1e871e6aa8b1148d38d4994275d72c4,2025-01-03,Greed,250.581483,69,217.15115942028987,True,88.88888888888889,14983.43
0x28736f43f1e871e6aa8b1148d38d4994275d72c4,2025-01-04,Greed,232.66549799999999,81,156.68296296296296,True,88.88888888888889,12691.32
0x28736f43f1e871e6aa8b1148d38d4994275d72c4,2025-01-05,Greed,87.752181,82,101.1840243902439,True,88.88888888888889,8297.09
0x28736f43f1e871e6aa8b1148d38d4994275d72c4,2025-01-06,Extreme Greed,114.68421000000001,80,82.075375,True,88.88888888888889,6566.03
0x28736f43f1e871e6aa8b1148d38d4994275d72c4,2025-01-07,Extreme Greed,267.846227,103,103.70087378640777,True,88.88888888888889,10681.19
0x28736f43f1e871e6aa8b1148d38d4994275d72c4,2025-01-08,Greed,651.469355,149,489.99302013422823,True,88.88888888888889,73008.96
0x28736f43f1e871e6aa8b1148d38d4994275d72c4,2025-01-09,Greed,571.688942,103,728.4078640776698,True,88.88888888888889,75026.01
0x28736f43f1e871e6aa8b1148d38d4994275d72c4,2025-01-10,Neutral,401.706348,84,522.1204761904762,True,88.88888888888889,43858.12
0x28736f43f1e871e6aa8b1148d38d4994275d72c4,2025-01-11,Greed,157.228232,37,484.2756756756757,True,88.88888888888889,17918.2
0x28736f43f1e871e6aa8b1148d38d4994275d72c4,2025-01-12,Greed,274.773033,63,446.3861904761905,True,88.88888888888889,28122.33
0x28736f43f1e871e6aa8b1148d38d4994275d72c4,2025-01-13,Greed,53.846609,61,561.3780327868852,True,88.88888888888889,34244.06
0x28736f43f1e871e6aa8b1148d38d4994275d72c4,2025-01-14,Greed,894.564828,42,995.6730952380951,True,88.88888888888889,41818.27
0x28736f43f1e871e6aa8b1148d38d4994275d72c4,2025-01-15,Greed,55.137803,19,240.01052631578946,True,88.88888888888889,4560.2
0x28736f43f1e871e6aa8b1148d38d4994275d72c4,2025-01-16,Extreme Greed,238.995461,87,136.35540229885058,True,88.88888888888889,11862.92
0x28736f43f1e871e6aa8b1148d38d4994275d72c4,2025-01-17,Extreme Greed,168.92152,70,118.53914285714285,True,88.88888888888889,8297.74
0x28736f43f1e871e6aa8b1148d38d4994275d72c4,2025-01-18,Extreme Greed,594.135892,259,195.20691119691122,True,88.88888888888889,50558.590000000004
0x28736f43f1e871e6aa8b1148d38d4994275d72c4,2025-01-19,Extreme Greed,102.504343,184,155.71684782608696,True,88.88888888888889,28651.9
0x28736f43f1e871e6aa8b1148d38d4994275d72c4,2025-01-20,Extreme Greed,608.885905,169,169.7668047337278,True,88.88888888888889,28690.59
0x28736f43f1e871e6aa8b1148d38d4994275d72c4,2025-01-21,Extreme Greed,428.3738,94,262.3486170212766,True,88.88888888888889,24660.77
0x28736f43f1e871e6aa8b1148d38d4994275d72c4,2025-01-22,Extreme Greed,589.467131,112,120.82616071428572,True,88.88888888888889,13532.53
0x28736f43f1e871e6aa8b1148d38d4994275d72c4,2025-01-23,Extreme Greed,229.609892,122,128.88065573770493,True,88.88888888888889,15723.44
0x28736f43f1e871e6aa8b1148d38d4994275d72c4,2025-01-24,Extreme Greed,347.22838,120,145.0465,True,88.88888888888889,17405.58
0x28736f43f1e871e6aa8b1148d38d4994275d72c4,2025-01-25,Extreme Greed,124.70498799999999,118,241.47220338983053,True,88.88888888888889,28493.72
0x28736f43f1e871e6aa8b1148d38d4994275d72c4,2025-01-26,Greed,273.211119,106,334.20924528301884,True,88.88888888888889,35426.18
0x28736f43f1e871e6aa8b1148d38d4994275d72c4,2025-01-27,Greed,838.930696,268,1223.7995522388057,True,88.88888888888889,327978.27999999997
0x28736f43f1e871e6aa8b1148d38d4994275d72c4,2025-01-28,Greed,1019.55769,151,624.2161589403973,True,88.88888888888889,94256.64
0x28736f43f1e871e6aa8b1148d38d4994275d72c4,2025-01-29,Greed,152.618804,42,340.8880952380952,True,88.88888888888889,14317.3
0x28736f43f1e871e6aa8b1148d38d4994275d72c4,2025-01-30,Greed,1234.2072,86,394.06465116279065,True,88.88888888888889,33889.56
0x28736f43f1e871e6aa8b1148d38d4994275d72c4,2025-01-31,Extreme Greed,755.916254,49,374.2630612244898,True,88.88888888888889,18338.89
0x28736f43f1e871e6aa8b1148d38d4994275d72c4,2025-02-01,Greed,3.536668000000001,51,1057.5154901960784,True,88.88888888888889,53933.29
0x28736f43f1e871e6aa8b1148d38d4994275d72c4,2025-02-02,Greed,-1416.906536,91,1328.6620879120878,False,88.88888888888889,120908.25
0x28736f43f1e871e6aa8b1148d38d4994275d72c4,2025-02-03,Fear,439.634046,75,1251.5914666666667,True,88.88888888888889,93869.36
0x28736f43f1e871e6aa8b1148d38d4994275d72c4,2025-02-04,Greed,1291.500575,48,1139.6597916666667,True,88.88888888888889,54703.67
0x28736f43f1e871e6aa8b1148d38d4994275d72c4,2025-02-05,Neutral,696.8107239999999,83,912.4063855421687,True,88.88888888888889,75729.73
0x28736f43f1e871e6aa8b1148d38d4994275d72c4,2025-02-06,Neutral,358.877096,45,1453.7044444444446,True,88.88888888888889,65416.700000000004
0x28736f43f1e871e6aa8b1148d38d4994275d72c4,2025-02-07,Fear,932.4458159999999,54,596.832037037037,True,88.88888888888889,32228.93
0x28736f43f1e871e6aa8b1148d38d4994275d72c4,2025-02-08,Fear,0.0,32,630.2528125,False,88.88888888888889,20168.09
0x28736f43f1e871e6aa8b1148d38d4994275d72c4,2025-02-09,Neutral,31.14195,17,685.0323529411764,True,88.88888888888889,11645.55
0x28736f43f1e871e6aa8b1148d38d4994275d72c4,2025-02-10,Fear,436.833818,43,1075.9925581395348,True,88.88888888888889,46267.68
0x28736f43f1e871e6aa8b1148d38d4994275d72c4,2025-02-11,Neutral,593.326371,41,984.2039024390244,True,88.88888888888889,40352.36
0x28736f43f1e871e6aa8b1148d38d4994275d72c4,2025-02-12,Neutral,198.780392,59,717.646779661017,True,88.88888888888889,42341.16
0x28736f43f1e871e6aa8b1148d38d4994275d72c4,2025-02-13,Neutral,287.27875,42,647.7471428571429,True,88.88888888888889,27205.38
0x28736f43f1e871e6aa8b1148d38d4994275d72c4,2025-02-14,Neutral,404.813032,47,536.6263829787234,True,88.88888888888889,25221.44
0x28736f43f1e871e6aa8b1148d38d4994275d72c4,2025-02-15,Neutral,64.653448,9,257.83222222222224,True,88.88888888888889,2320.4900000000002
0x28736f43f1e871e6aa8b1148d38d4994275d72c4,2025-02-16,Neutral,59.664989,11,503.33272727272725,True,88.88888888888889,5536.66
0x28736f43f1e871e6aa8b1148d38d4994275d72c4,2025-02-17,Neutral,115.824682,28,466.69214285714287,True,88.88888888888889,13067.380000000001
0x28736f43f1e871e6aa8b1148d38d4994275d72c4,2025-02-18,Neutral,45.659497,36,404.88444444444445,True,88.88888888888889,14575.84
0x28736f43f1e871e6aa8b1148d38d4994275d72c4,2025-02-19,Fear,20.62415,22,508.5995454545455,True,88.88888888888889,11189.19
0x28736f43f1e871e6aa8b1148d38d4994275d72c4,2025-02-20,Neutral,278.142839,53,429.3352830188679,True,88.88888888888889,22754.77
0x28736f43f1e871e6aa8b1148d38d4994275d72c4,2025-02-21,Greed,591.659533,93,320.8220430107527,True,88.88888888888889,29836.45
0x28736f43f1e871e6aa8b1148d38d4994275d72c4,2025-02-22,Neutral,408.03639799999996,58,523.8093103448275,True,88.88888888888889,30380.94
0x28736f43f1e871e6aa8b1148d38d4994275d72c4,2025-02-23,Neutral,39.91436,24,550.5720833333334,True,88.88888888888889,13213.73
0x28736f43f1e871e6aa8b1148d38d4994275d72c4,2025-02-24,Neutral,180.244855,61,282.4104918032787,True,88.88888888888889,17227.04
0x28736f43f1e871e6aa8b1148d38d4994275d72c4,2025-02-25,Fear,168.27053,49,883.3975510204082,True,88.88888888888889,43286.48
0x28736f43f1e871e6aa8b1148d38d4994275d72c4,2025-02-26,Extreme Fear,64.59776,34,242.27088235294116,True,88.88888888888889,8237.21
0x28736f43f1e871e6aa8b1148d38d4994275d72c4,2025-02-27,Extreme Fear,71.919819,30,765.107,True,88.88888888888889,22953.21
0x28736f43f1e871e6aa8b1148d38d4994275d72c4,2025-02-28,Extreme Fear,-3425.450348,81,1611.6066666666666,False,88.88888888888889,130540.14
0x28736f43f1e871e6aa8b1148d38d4994275d72c4,2025-03-01,Extreme Fear,557.9358,37,840.2127027027027,True,88.88888888888889,31087.87
0x28736f43f1e871e6aa8b1148d38d4994275d72c4,2025-03-02,Fear,8330.21747,73,1432.3072602739728,True,88.88888888888889,104558.43000000001
0x28736f43f1e871e6aa8b1148d38d4994275d72c4,2025-03-03,Fear,494.669357,58,536.928448275862,True,88.88888888888889,31141.85
0x28736f43f1e871e6aa8b1148d38d4994275d72c4,2025-03-04,Extreme Fear,163.73415,43,1091.9493023255814,True,88.88888888888889,46953.82
0x28736f43f1e871e6aa8b1148d38d4994275d72c4,2025-03-05,Extreme Fear,437.35445200000004,26,1109.076923076923,True,88.88888888888889,28836.0
0x28736f43f1e871e6aa8b1148d38d4994275d72c4,2025-03-06,Fear,291.46926,21,856.63,True,88.88888888888889,17989.23
0x28736f43f1e871e6aa8b1148d38d4994275d72c4,2025-03-07,Fear,411.824274,40,748.432,True,88.88888888888889,29937.28
0x28736f43f1e871e6aa8b1148d38d4994275d72c4,2025-03-08,Fear,173.811132,35,698.2522857142857,True,88.88888888888889,24438.829999999998
0x28736f43f1e871e6aa8b1148d38d4994275d72c4,2025-03-09,Fear,140.953497,36,1118.493611111111,True,88.88888888888889,40265.77
0x28736f43f1e871e6aa8b1148d38d4994275d72c4,2025-03-10,Extreme Fear,-4026.754395,31,838.0596774193548,False,88.88888888888889,25979.85
0x28736f43f1e871e6aa8b1148d38d4994275d72c4,2025-03-11,Extreme Fear,0.0,24,538.44125,False,88.88888888888889,12922.59
0x28736f43f1e871e6aa8b1148d38d4994275d72c4,2025-03-12,Fear,33.01095,9,851.8611111111111,True,88.88888888888889,7666.75
0x28736f43f1e871e6aa8b1148d38d4994275d72c4,2025-03-13,Neutral,465.046501,22,881.3063636363636,True,88.88888888888889,19388.739999999998
0x28736f43f1e871e6aa8b1148d38d4994275d72c4,2025-03-14,Fear,0.0,4,262.4975,False,88.88888888888889,1049.99
0x28736f43f1e871e6aa8b1148d38d4994275d72c4,2025-03-16,Fear,106.912886,27,618.9422222222222,True,88.88888888888889,16711.44
0x28736f43f1e871e6aa8b1148d38d4994275d72c4,2025-03-17,Fear,0.0,2,653.5999999999999,False,88.88888888888889,1307.1999999999998
0x28736f43f1e871e6aa8b1148d38d4994275d72c4,2025-03-18,Fear,40.9165,15,703.816,True,88.88888888888889,10557.24
0x28736f43f1e871e6aa8b1148d38d4994275d72c4,2025-03-19,Fear,54.9718,33,539.8872727272727,True,88.88888888888889,17816.28
0x28736f43f1e871e6aa8b1148d38d4994275d72c4,2025-03-20,Neutral,144.656157,20,1620.353,True,88.88888888888889,32407.06
0x28736f43f1e871e6aa8b1148d38d4994275d72c4,2025-03-21,Fear,0.5844,12,187.86083333333332,True,88.88888888888889,2254.33
0x28736f43f1e871e6aa8b1148d38d4994275d72c4,2025-03-22,Fear,132.087931,17,559.405294117647,True,88.88888888888889,9509.89
0x28736f43f1e871e6aa8b1148d38d4994275d72c4,2025-03-23,Fear,79.086899,14,840.6328571428572,True,88.88888888888889,11768.86
0x28736f43f1e871e6aa8b1148d38d4994275d72c4,2025-03-24,Neutral,808.135252,45,1334.7422222222222,True,88.88888888888889,60063.4
0x28736f43f1e871e6aa8b1148d38d4994275d72c4,2025-03-25,Neutral,417.38885700000003,33,530.670303030303,True,88.88888888888889,17512.12
0x28736f43f1e871e6aa8b1148d38d4994275d72c4,2025-03-26,Neutral,379.04079,35,637.0742857142857,True,88.88888888888889,22297.6
0x28736f43f1e871e6aa8b1148d38d4994275d72c4,2025-03-27,Fear,-133.035992,38,1857.9734210526317,False,88.88888888888889,70602.99
0x28736f43f1e871e6aa8b1148d38d4994275d72c4,2025-03-28,Fear,-21.766132,41,876.1812195121952,False,88.88888888888889,35923.43
0x28736f43f1e871e6aa8b1148d38d4994275d72c4,2025-03-29,Fear,28.499012000000004,15,468.65066666666667,True,88.88888888888889,7029.76
0x28736f43f1e871e6aa8b1148d38d4994275d72c4,2025-03-30,Fear,-743.288757,44,726.7522727272727,False,88.88888888888889,31977.1
0x28736f43f1e871e6aa8b1148d38d4994275d72c4,2025-03-31,Fear,3.5652170000000005,52,375.1351923076923,True,88.88888888888889,19507.03
0x28736f43f1e871e6aa8b1148d38d4994275d72c4,2025-04-01,Fear,768.351892,41,422.4107317073171,True,88.88888888888889,17318.84
0x28736f43f1e871e6aa8b1148d38d4994275d72c4,2025-04-02,Fear,669.381363,70,414.13428571428574,True,88.88888888888889,28989.4
0x28736f43f1e871e6aa8b1148d38d4994275d72c4,2025-04-03,Fear,149.51234499999998,85,453.3190588235294,True,88.88888888888889,38532.12
0x28736f43f1e871e6aa8b1148d38d4994275d72c4,2025-04-04,Fear,498.73528200000004,100,280.5443,True,88.88888888888889,28054.43
0x28736f43f1e871e6aa8b1148d38d4994275d72c4,2025-04-05,Fear,177.049662,56,331.27535714285716,True,88.88888888888889,18551.420000000002
0x28736f43f1e871e6aa8b1148d38d4994275d72c4,2025-04-06,Fear,-476.77056300000004,74,387.5243243243243,False,88.88888888888889,28676.8
0x28736f43f1e871e6aa8b1148d38d4994275d72c4,2025-04-07,Extreme Fear,-19833.530157,150,830.2844666666666,False,88.88888888888889,124542.67
0x28736f43f1e871e6aa8b1148d38d4994275d72c4,2025-04-08,Extreme Fear,230.103259,65,279.894,True,88.88888888888889,18193.11
0x28736f43f1e871e6aa8b1148d38d4994275d72c4,2025-04-09,Extreme Fear,94.077376,53,244.56867924528302,True,88.88888888888889,12962.14
0x28736f43f1e871e6aa8b1148d38d4994275d72c4,2025-04-10,Fear,73.76740699999999,22,166.24727272727273,True,88.88888888888889,3657.44
0x28736f43f1e871e6aa8b1148d38d4994275d72c4,2025-04-11,Fear,67.00618399999999,14,335.15785714285715,True,88.88888888888889,4692.21
0x28736f43f1e871e6aa8b1148d38d4994275d72c4,2025-04-12,Fear,10.499265,3,78.19,True,88.88888888888889,234.57
0x28736f43f1e871e6aa8b1148d38d4994275d72c4,2025-04-13,Neutral,-902.0714839999999,19,269.5942105263158,False,88.88888888888889,5122.29
0x28736f43f1e871e6aa8b1148d38d4994275d72c4,2025-04-14,Fear,27.177561,14,180.60857142857142,True,88.88888888888889,2528.52
0x28736f43f1e871e6aa8b1148d38d4994275d72c4,2025-04-15,Fear,-48.794434,17,186.68235294117648,False,88.88888888888889,3173.6
0x28736f43f1e871e6aa8b1148d38d4994275d72c4,2025-04-16,Fear,8.738942,9,32.69,True,88.88888888888889,294.21
0x28736f43f1e871e6aa8b1148d38d4994275d72c4,2025-04-17,Fear,-15.688322,10,162.429,False,88.88888888888889,1624.29
0x28736f43f1e871e6aa8b1148d38d4994275d72c4,2025-04-18,Fear,22.793679,8,160.54125,True,88.88888888888889,1284.33
0x28736f43f1e871e6aa8b1148d38d4994275d72c4,2025-04-19,Fear,40.803149000000005,7,75.5942857142857,True,88.88888888888889,529.16
0x28736f43f1e871e6aa8b1148d38d4994275d72c4,2025-04-20,Fear,7.707293999999999,2,87.145,True,88.88888888888889,174.29
0x28736f43f1e871e6aa8b1148d38d4994275d72c4,2025-04-21,Fear,19.956089,6,78.33833333333334,True,88.88888888888889,470.03000000000003
0x28736f43f1e871e6aa8b1148d38d4994275d72c4,2025-04-22,Neutral,11.839106000000001,5,58.678,True,88.88888888888889,293.39
0x28736f43f1e871e6aa8b1148d38d4994275d72c4,2025-04-23,Greed,50.899228,13,91.10846153846154,True,88.88888888888889,1184.41
0x28736f43f1e871e6aa8b1148d38d4994275d72c4,2025-04-24,Greed,1.023851,1,182.34,True,88.88888888888889,182.34
0x28736f43f1e871e6aa8b1148d38d4994275d72c4,2025-04-27,Greed,0.265698,1,49.96,True,88.88888888888889,49.96
0x28736f43f1e871e6aa8b1148d38d4994275d72c4,2025-04-28,Neutral,-0.08516699999999999,8,156.87,False,88.88888888888889,1254.96
0x28736f43f1e871e6aa8b1148d38d4994275d72c4,2025-05-01,Neutral,16.923621,2,135.32,True,88.88888888888889,270.64
0x2c229d22b100a7beb69122eed721cee9b24011dd,2024-10-31,Extreme Greed,-2.5534149999999998,9,3327.722222222222,False,78.26086956521739,29949.5
0x2c229d22b100a7beb69122eed721cee9b24011dd,2024-11-01,Extreme Greed,-0.09906000000000104,14,2139.280714285714,False,78.26086956521739,29949.93
0x2c229d22b100a7beb69122eed721cee9b24011dd,2024-11-06,Greed,-3.41119,3,666.84,False,78.26086956521739,2000.52
0x2c229d22b100a7beb69122eed721cee9b24011dd,2024-11-08,Extreme Greed,-710.786946,15,2003.9206666666666,False,78.26086956521739,30058.81
0x2c229d22b100a7beb69122eed721cee9b24011dd,2024-11-13,Extreme Greed,-17.60528,10,582.841,False,78.26086956521739,5828.41
0x2c229d22b100a7beb69122eed721cee9b24011dd,2024-11-14,Extreme Greed,2215.402997,69,1825.0886956521738,True,78.26086956521739,125931.12
0x2c229d22b100a7beb69122eed721cee9b24011dd,2024-11-15,Extreme Greed,2137.203852,33,1024.2048484848485,True,78.26086956521739,33798.76
0x2c229d22b100a7beb69122eed721cee9b24011dd,2024-11-16,Extreme Greed,1484.528402,22,1292.3377272727273,True,78.26086956521739,28431.43
0x2c229d22b100a7beb69122eed721cee9b24011dd,2024-11-18,Extreme Greed,-8.138354999999999,15,393.86333333333334,False,78.26086956521739,5907.95
0x2c229d22b100a7beb69122eed721cee9b24011dd,2024-11-20,Extreme Greed,2626.800865,76,2627.9109210526312,True,78.26086956521739,199721.22999999998
0x2c229d22b100a7beb69122eed721cee9b24011dd,2024-11-21,Extreme Greed,-0.15074600000000027,22,1508.5563636363636,False,78.26086956521739,33188.24
0x2c229d22b100a7beb69122eed721cee9b24011dd,2024-11-22,Extreme Greed,-260.909686,57,7077.548245614035,False,78.26086956521739,403420.25
0x2c229d22b100a7beb69122eed721cee9b24011dd,2024-11-29,Extreme Greed,31.04129,10,525.317,True,78.26086956521739,5253.17
0x2c229d22b100a7beb69122eed721cee9b24011dd,2024-11-30,Extreme Greed,59.744873999999996,6,6943.03,True,78.26086956521739,41658.18
0x2c229d22b100a7beb69122eed721cee9b24011dd,2024-12-02,Extreme Greed,16196.864846,53,2348.7403773584906,True,78.26086956521739,124483.23999999999
0x2c229d22b100a7beb69122eed721cee9b24011dd,2024-12-03,Extreme Greed,121.535562,59,1685.5867796610169,True,78.26086956521739,99449.62
0x2c229d22b100a7beb69122eed721cee9b24011dd,2024-12-04,Extreme Greed,7591.307059,37,3426.9959459459456,True,78.26086956521739,126798.84999999999
0x2c229d22b100a7beb69122eed721cee9b24011dd,2024-12-05,Extreme Greed,2069.92634,33,890.1048484848485,True,78.26086956521739,29373.46
0x2c229d22b100a7beb69122eed721cee9b24011dd,2024-12-06,Greed,-123.870122,9,2324.0444444444447,False,78.26086956521739,20916.4
0x2c229d22b100a7beb69122eed721cee9b24011dd,2024-12-10,Extreme Greed,130.883691,12,1585.4033333333334,True,78.26086956521739,19024.84
0x2c229d22b100a7beb69122eed721cee9b24011dd,2024-12-11,Greed,8544.6855,19,6550.684736842106,True,78.26086956521739,124463.01000000001
0x2c229d22b100a7beb69122eed721cee9b24011dd,2024-12-12,Extreme Greed,7639.595794,62,5565.801451612903,True,78.26086956521739,345079.69
0x2c229d22b100a7beb69122eed721cee9b24011dd,2024-12-13,Extreme Greed,1966.9289449999999,63,1823.863492063492,True,78.26086956521739,114903.4
0x2c229d22b100a7beb69122eed721cee9b24011dd,2024-12-17,Extreme Greed,214.770101,15,1000.812,True,78.26086956521739,15012.18
0x2c229d22b100a7beb69122eed721cee9b24011dd,2024-12-20,Greed,305.55784,11,2609.3063636363636,True,78.26086956521739,28702.37
0x2c229d22b100a7beb69122eed721cee9b24011dd,2024-12-23,Greed,6.476289999999996,29,7631.325517241379,True,78.26086956521739,221308.44
0x2c229d22b100a7beb69122eed721cee9b24011dd,2024-12-24,Greed,343.63336100000004,11,2630.031818181818,True,78.26086956521739,28930.35
0x2c229d22b100a7beb69122eed721cee9b24011dd,2024-12-30,Greed,0.19908,2,34.21,True,78.26086956521739,68.42
0x2c229d22b100a7beb69122eed721cee9b24011dd,2024-12-31,Greed,2243.319777,49,4127.501224489796,True,78.26086956521739,202247.56
0x2c229d22b100a7beb69122eed721cee9b24011dd,2025-01-10,Neutral,21980.47249,136,2289.4099264705883,True,78.26086956521739,311359.75
0x2c229d22b100a7beb69122eed721cee9b24011dd,2025-01-11,Greed,-2.454844,7,1785.1328571428571,False,78.26086956521739,12495.93
0x2c229d22b100a7beb69122eed721cee9b24011dd,2025-01-15,Greed,-18.998214,12,1943.5483333333332,False,78.26086956521739,23322.579999999998
0x2c229d22b100a7beb69122eed721cee9b24011dd,2025-01-17,Extreme Greed,913.985947,57,6517.080175438597,True,78.26086956521739,371473.57
0x2c229d22b100a7beb69122eed721cee9b24011dd,2025-01-18,Extreme Greed,-33.4413,2,116.66499999999999,False,78.26086956521739,233.32999999999998
0x2c229d22b100a7beb69122eed721cee9b24011dd,2025-01-19,Extreme Greed,11437.823511999999,74,7532.947432432432,True,78.26086956521739,557438.11
0x2c229d22b100a7beb69122eed721cee9b24011dd,2025-01-20,Extreme Greed,1535.55008,82,8402.275975609757,True,78.26086956521739,688986.63
0x2c229d22b100a7beb69122eed721cee9b24011dd,2025-01-21,Extreme Greed,59.672564,15,125.14200000000001,True,78.26086956521739,1877.13
0x2c229d22b100a7beb69122eed721cee9b24011dd,2025-01-22,Extreme Greed,12769.669401000001,229,1080.5076419213974,True,78.26086956521739,247436.25
0x2c229d22b100a7beb69122eed721cee9b24011dd,2025-01-23,Extreme Greed,3776.64959,104,2468.1846153846154,True,78.26086956521739,256691.2
0x2c229d22b100a7beb69122eed721cee9b24011dd,2025-01-24,Extreme Greed,363.482456,38,2124.9794736842105,True,78.26086956521739,80749.22
0x2c229d22b100a7beb69122eed721cee9b24011dd,2025-01-25,Extreme Greed,2167.17715,53,5537.374905660377,True,78.26086956521739,293480.87
0x2c229d22b100a7beb69122eed721cee9b24011dd,2025-01-30,Greed,159.201612,15,4589.114666666666,True,78.26086956521739,68836.72
0x2c229d22b100a7beb69122eed721cee9b24011dd,2025-01-31,Extreme Greed,14418.18988,132,5257.4305303030305,True,78.26086956521739,693980.8300000001
0x2c229d22b100a7beb69122eed721cee9b24011dd,2025-02-01,Greed,88.50699399999999,21,5610.000952380952,True,78.26086956521739,117810.02
0x2c229d22b100a7beb69122eed721cee9b24011dd,2025-02-06,Neutral,-639.3510530000001,61,3750.11868852459,False,78.26086956521739,228757.24
0x2c229d22b100a7beb69122eed721cee9b24011dd,2025-02-07,Fear,-1145.924392,149,2135.150268456376,False,78.26086956521739,318137.39
0x2c229d22b100a7beb69122eed721cee9b24011dd,2025-02-13,Neutral,17378.569333,321,3578.9056074766354,True,78.26086956521739,1148828.7
0x2c229d22b100a7beb69122eed721cee9b24011dd,2025-02-15,Neutral,590.06989,47,1285.8944680851064,True,78.26086956521739,60437.04
0x2c229d22b100a7beb69122eed721cee9b24011dd,2025-02-20,Neutral,3057.28245,149,5680.961208053691,True,78.26086956521739,846463.22
0x2c229d22b100a7beb69122eed721cee9b24011dd,2025-02-21,Greed,8502.805925,60,2810.3466666666664,True,78.26086956521739,168620.8
0x2c229d22b100a7beb69122eed721cee9b24011dd,2025-02-25,Fear,169.617628,24,1016.4883333333333,True,78.26086956521739,24395.72
0x2c229d22b100a7beb69122eed721cee9b24011dd,2025-02-26,Extreme Fear,25.30602,10,156.53799999999998,True,78.26086956521739,1565.3799999999999
0x2c229d22b100a7beb69122eed721cee9b24011dd,2025-03-05,Extreme Fear,11113.173067,89,2537.6704494382025,True,78.26086956521739,225852.67
0x2c229d22b100a7beb69122eed721cee9b24011dd,2025-03-06,Fear,279.152034,15,1287.3273333333334,True,78.26086956521739,19309.91
0x2c229d22b100a7beb69122eed721cee9b24011dd,2025-03-07,Fear,1.17533,3,972.65,True,78.26086956521739,2917.95
0x2c229d22b100a7beb69122eed721cee9b24011dd,2025-03-11,Extreme Fear,276.7687,13,3849.383076923077,True,78.26086956521739,50041.98
0x2c229d22b100a7beb69122eed721cee9b24011dd,2025-03-13,Neutral,924.898908,25,4074.8460000000005,True,78.26086956521739,101871.15000000001
0x2c229d22b100a7beb69122eed721cee9b24011dd,2025-03-21,Fear,1215.774424,74,1528.0594594594593,True,78.26086956521739,113076.4
0x2c229d22b100a7beb69122eed721cee9b24011dd,2025-03-23,Fear,514.5145660000001,15,919.33,True,78.26086956521739,13789.95
0x2c229d22b100a7beb69122eed721cee9b24011dd,2025-03-25,Neutral,-3323.090682,211,2000.0732701421803,False,78.26086956521739,422015.46
0x2c229d22b100a7beb69122eed721cee9b24011dd,2025-03-26,Neutral,2323.99174,65,1894.7783076923076,True,78.26086956521739,123160.59
0x2c229d22b100a7beb69122eed721cee9b24011dd,2025-04-01,Fear,1334.414834,9,1193.0444444444445,True,78.26086956521739,10737.4
0x2c229d22b100a7beb69122eed721cee9b24011dd,2025-04-02,Fear,1.1031579999999999,6,395.24,True,78.26086956521739,2371.44
0x2c229d22b100a7beb69122eed721cee9b24011dd,2025-04-03,Fear,160.127816,26,739.3319230769231,True,78.26086956521739,19222.63
0x2c229d22b100a7beb69122eed721cee9b24011dd,2025-04-11,Fear,1419.922474,45,1310.5517777777777,True,78.26086956521739,58974.83
0x2c229d22b100a7beb69122eed721cee9b24011dd,2025-04-14,Fear,18.103863,8,133.5325,True,78.26086956521739,1068.26
0x2c229d22b100a7beb69122eed721cee9b24011dd,2025-04-18,Fear,11.209037,7,74.56857142857143,True,78.26086956521739,521.98
0x2c229d22b100a7beb69122eed721cee9b24011dd,2025-04-23,Greed,29.8368,2,1284.69,True,78.26086956521739,2569.38
0x2c229d22b100a7beb69122eed721cee9b24011dd,2025-04-25,Greed,0.18414,3,47.086666666666666,True,78.26086956521739,141.26
0x3998f134d6aaa2b6a5f723806d00fd2bbbbce891,2023-05-01,Greed,0.0,3,159.0,False,32.55813953488372,477.0
0x3998f134d6aaa2b6a5f723806d00fd2bbbbce891,2024-01-11,Extreme Greed,0.0,2,23066.935,False,32.55813953488372,46133.87
0x3998f134d6aaa2b6a5f723806d00fd2bbbbce891,2024-01-15,Neutral,152.85358,9,69.98444444444445,True,32.55813953488372,629.86
0x3998f134d6aaa2b6a5f723806d00fd2bbbbce891,2024-01-16,Greed,-3238.8,6,10580.346666666666,False,32.55813953488372,63482.08
0x3998f134d6aaa2b6a5f723806d00fd2bbbbce891,2024-01-28,Neutral,-2478.06972,11,1646.2754545454545,False,32.55813953488372,18109.03
0x3998f134d6aaa2b6a5f723806d00fd2bbbbce891,2024-04-16,Greed,0.0,1,91.08,False,32.55813953488372,91.08
0x3998f134d6aaa2b6a5f723806d00fd2bbbbce891,2024-05-29,Greed,0.0,5,6113.468,False,32.55813953488372,30567.34
0x3998f134d6aaa2b6a5f723806d00fd2bbbbce891,2024-07-24,Greed,0.0,3,0.4266666666666667,False,32.55813953488372,1.28
0x3998f134d6aaa2b6a5f723806d00fd2bbbbce891,2024-07-26,Greed,0.0,1,0.81,False,32.55813953488372,0.81
0x3998f134d6aaa2b6a5f723806d00fd2bbbbce891,2024-08-01,Neutral,0.0,1,0.74,False,32.55813953488372,0.74
0x3998f134d6aaa2b6a5f723806d00fd2bbbbce891,2024-08-03,Fear,0.0,1,0.65,False,32.55813953488372,0.65
0x3998f134d6aaa2b6a5f723806d00fd2bbbbce891,2024-08-04,Fear,0.0,1,0.01,False,32.55813953488372,0.01
0x3998f134d6aaa2b6a5f723806d00fd2bbbbce891,2024-08-06,Extreme Fear,215.754798,27,28.555555555555557,True,32.55813953488372,771.0
0x3998f134d6aaa2b6a5f723806d00fd2bbbbce891,2024-08-07,Fear,0.0,11,0.0036363636363636364,False,32.55813953488372,0.04
0x3998f134d6aaa2b6a5f723806d00fd2bbbbce891,2024-08-17,Fear,0.0,29,1035.7675862068966,False,32.55813953488372,30037.26
0x3998f134d6aaa2b6a5f723806d00fd2bbbbce891,2024-08-30,Fear,0.0,1,0.69,False,32.55813953488372,0.69
0x3998f134d6aaa2b6a5f723806d00fd2bbbbce891,2024-09-05,Fear,0.0,1,0.84,False,32.55813953488372,0.84
0x3998f134d6aaa2b6a5f723806d00fd2bbbbce891,2024-11-18,Extreme Greed,48.185146,6,116.12333333333333,True,32.55813953488372,696.74
0x3998f134d6aaa2b6a5f723806d00fd2bbbbce891,2024-11-19,Extreme Greed,0.0,1,0.01,False,32.55813953488372,0.01
0x3998f134d6aaa2b6a5f723806d00fd2bbbbce891,2024-11-29,Extreme Greed,17511.326788,56,1817.6805357142857,True,32.55813953488372,101790.11
0x3998f134d6aaa2b6a5f723806d00fd2bbbbce891,2024-11-30,Extreme Greed,19050.661786,39,2556.5420512820515,True,32.55813953488372,99705.14
0x3998f134d6aaa2b6a5f723806d00fd2bbbbce891,2024-12-01,Extreme Greed,13.566929,3,11.366666666666667,True,32.55813953488372,34.1
0x3998f134d6aaa2b6a5f723806d00fd2bbbbce891,2024-12-02,Extreme Greed,0.0,1,0.0,False,32.55813953488372,0.0
0x3998f134d6aaa2b6a5f723806d00fd2bbbbce891,2024-12-14,Extreme Greed,0.0,36,5555.551944444444,False,32.55813953488372,199999.87
0x3998f134d6aaa2b6a5f723806d00fd2bbbbce891,2024-12-15,Extreme Greed,346.827642,6,117.02833333333335,True,32.55813953488372,702.1700000000001
0x3998f134d6aaa2b6a5f723806d00fd2bbbbce891,2024-12-16,Extreme Greed,0.0,4,0.0,False,32.55813953488372,0.0
0x3998f134d6aaa2b6a5f723806d00fd2bbbbce891,2024-12-20,Greed,22.80272,3,15.183333333333332,True,32.55813953488372,45.55
0x3998f134d6aaa2b6a5f723806d00fd2bbbbce891,2025-01-20,Extreme Greed,0.0,2,183.07999999999998,False,32.55813953488372,366.15999999999997
0x3998f134d6aaa2b6a5f723806d00fd2bbbbce891,2025-01-23,Extreme Greed,-5978.38652,3,6.186666666666667,False,32.55813953488372,18.560000000000002
0x3998f134d6aaa2b6a5f723806d00fd2bbbbce891,2025-01-24,Extreme Greed,0.0,2,0.005,False,32.55813953488372,0.01
0x3998f134d6aaa2b6a5f723806d00fd2bbbbce891,2025-02-14,Neutral,19.530304,2,25.39,True,32.55813953488372,50.78
0x3998f134d6aaa2b6a5f723806d00fd2bbbbce891,2025-02-21,Greed,-350.632694,7,184.87857142857143,False,32.55813953488372,1294.15
0x3998f134d6aaa2b6a5f723806d00fd2bbbbce891,2025-03-06,Fear,600.008922,37,1400.675945945946,True,32.55813953488372,51825.01
0x3998f134d6aaa2b6a5f723806d00fd2bbbbce891,2025-03-10,Extreme Fear,-8224.491085,26,1653.866153846154,False,32.55813953488372,43000.520000000004
0x3998f134d6aaa2b6a5f723806d00fd2bbbbce891,2025-03-11,Extreme Fear,-58444.949486,119,1948.151092436975,False,32.55813953488372,231829.98
0x3998f134d6aaa2b6a5f723806d00fd2bbbbce891,2025-04-06,Fear,0.0,19,2105.072105263158,False,32.55813953488372,39996.37
0x3998f134d6aaa2b6a5f723806d00fd2bbbbce891,2025-04-07,Extreme Fear,9485.86,61,1811.634426229508,True,32.55813953488372,110509.7
0x3998f134d6aaa2b6a5f723806d00fd2bbbbce891,2025-04-09,Extreme Fear,0.0,30,1333.3193333333334,False,32.55813953488372,39999.58
0x3998f134d6aaa2b6a5f723806d00fd2bbbbce891,2025-04-12,Fear,2466.604719,32,1105.835625,True,32.55813953488372,35386.74
0x3998f134d6aaa2b6a5f723806d00fd2bbbbce891,2025-04-13,Neutral,1076.778732,9,2341.0022222222224,True,32.55813953488372,21069.02
0x3998f134d6aaa2b6a5f723806d00fd2bbbbce891,2025-04-21,Fear,-3533.6725370000004,124,1459.0874193548386,False,32.55813953488372,180926.84
0x3998f134d6aaa2b6a5f723806d00fd2bbbbce891,2025-04-22,Neutral,0.0,1,0.01,False,32.55813953488372,0.01
0x3998f134d6aaa2b6a5f723806d00fd2bbbbce891,2025-04-25,Greed,34.63999,73,826.7301369863014,True,32.55813953488372,60351.3
0x39cef799f8b69da1995852eea189df24eb5cae3c,2024-11-12,Extreme Greed,0.0,2,5195.3,False,54.347826086956516,10390.6
0x39cef799f8b69da1995852eea189df24eb5cae3c,2024-11-20,Extreme Greed,-808.158708,2,10882.16,False,54.347826086956516,21764.32
0x39cef799f8b69da1995852eea189df24eb5cae3c,2024-12-01,Extreme Greed,0.0,1,199.81,False,54.347826086956516,199.81
0x39cef799f8b69da1995852eea189df24eb5cae3c,2024-12-03,Extreme Greed,0.0,1,209.94,False,54.347826086956516,209.94
0x39cef799f8b69da1995852eea189df24eb5cae3c,2024-12-05,Extreme Greed,0.0,6,10238.081666666667,False,54.347826086956516,61428.49
0x39cef799f8b69da1995852eea189df24eb5cae3c,2024-12-06,Greed,0.0,20,1657.5529999999999,False,54.347826086956516,33151.06
0x39cef799f8b69da1995852eea189df24eb5cae3c,2024-12-09,Extreme Greed,483.662076,8,603.1,True,54.347826086956516,4824.8
0x39cef799f8b69da1995852eea189df24eb5cae3c,2024-12-10,Extreme Greed,0.0,3,22522.036666666667,False,54.347826086956516,67566.11
0x39cef799f8b69da1995852eea189df24eb5cae3c,2024-12-11,Greed,3721.345649,4,40012.55,True,54.347826086956516,160050.2
0x39cef799f8b69da1995852eea189df24eb5cae3c,2024-12-13,Extreme Greed,1116.8006,26,2954.652692307692,True,54.347826086956516,76820.97
0x39cef799f8b69da1995852eea189df24eb5cae3c,2024-12-14,Extreme Greed,1898.178342,1,6591.46,True,54.347826086956516,6591.46
0x39cef799f8b69da1995852eea189df24eb5cae3c,2024-12-15,Extreme Greed,6623.483154,28,1993.9885714285715,True,54.347826086956516,55831.68
0x39cef799f8b69da1995852eea189df24eb5cae3c,2024-12-16,Extreme Greed,6942.186825,14,5866.705,True,54.347826086956516,82133.87
0x39cef799f8b69da1995852eea189df24eb5cae3c,2024-12-18,Extreme Greed,136.054186,12,679.3075,True,54.347826086956516,8151.69
0x39cef799f8b69da1995852eea189df24eb5cae3c,2024-12-20,Greed,1676.3027260000001,4,2837.6875,True,54.347826086956516,11350.75
0x39cef799f8b69da1995852eea189df24eb5cae3c,2024-12-24,Greed,14849.788861,19,17744.187894736842,True,54.347826086956516,337139.57
0x39cef799f8b69da1995852eea189df24eb5cae3c,2025-01-01,Greed,-9655.676981,12,15270.597499999998,False,54.347826086956516,183247.16999999998
0x39cef799f8b69da1995852eea189df24eb5cae3c,2025-01-03,Greed,0.0,1,6217.48,False,54.347826086956516,6217.48
0x39cef799f8b69da1995852eea189df24eb5cae3c,2025-01-14,Greed,0.0,3,800.29,False,54.347826086956516,2400.87
0x39cef799f8b69da1995852eea189df24eb5cae3c,2025-01-19,Extreme Greed,-1584.55781,3,15271.743333333334,False,54.347826086956516,45815.23
0x39cef799f8b69da1995852eea189df24eb5cae3c,2025-01-20,Extreme Greed,-401.2638,4,14949.164999999999,False,54.347826086956516,59796.659999999996
0x39cef799f8b69da1995852eea189df24eb5cae3c,2025-01-23,Extreme Greed,0.0,4,11250.0,False,54.347826086956516,45000.0
0x39cef799f8b69da1995852eea189df24eb5cae3c,2025-02-23,Neutral,2.9205,6,2401.1383333333333,True,54.347826086956516,14406.83
0x39cef799f8b69da1995852eea189df24eb5cae3c,2025-03-04,Extreme Fear,863.956464,63,3213.5458730158734,True,54.347826086956516,202453.39
0x39cef799f8b69da1995852eea189df24eb5cae3c,2025-03-05,Extreme Fear,8187.59426,43,3514.7537209302327,True,54.347826086956516,151134.41
0x39cef799f8b69da1995852eea189df24eb5cae3c,2025-03-10,Extreme Fear,-37230.786609,2,48134.545,False,54.347826086956516,96269.09
0x39cef799f8b69da1995852eea189df24eb5cae3c,2025-03-12,Fear,0.0,39,2549.7482051282054,False,54.347826086956516,99440.18000000001
0x39cef799f8b69da1995852eea189df24eb5cae3c,2025-03-17,Fear,17926.355742,205,1908.0640975609756,True,54.347826086956516,391153.14
0x39cef799f8b69da1995852eea189df24eb5cae3c,2025-03-18,Fear,238.31419899999997,283,2061.155088339223,True,54.347826086956516,583306.89
0x39cef799f8b69da1995852eea189df24eb5cae3c,2025-03-19,Fear,909.907336,119,2421.7106722689077,True,54.347826086956516,288183.57
0x39cef799f8b69da1995852eea189df24eb5cae3c,2025-03-20,Neutral,0.0,82,607.7802439024391,False,54.347826086956516,49837.98
0x39cef799f8b69da1995852eea189df24eb5cae3c,2025-03-21,Fear,0.0,3,10058.62,False,54.347826086956516,30175.86
0x39cef799f8b69da1995852eea189df24eb5cae3c,2025-03-23,Fear,4988.749429,93,4121.473548387096,True,54.347826086956516,383297.04
0x39cef799f8b69da1995852eea189df24eb5cae3c,2025-03-24,Neutral,3896.627832,20,1703.6174999999998,True,54.347826086956516,34072.35
0x39cef799f8b69da1995852eea189df24eb5cae3c,2025-03-25,Neutral,0.0,1,100176.1,False,54.347826086956516,100176.1
0x39cef799f8b69da1995852eea189df24eb5cae3c,2025-03-26,Neutral,3782.33025,28,2294.2153571428576,True,54.347826086956516,64238.030000000006
0x39cef799f8b69da1995852eea189df24eb5cae3c,2025-03-27,Fear,6504.316844999999,178,1543.4331460674157,True,54.347826086956516,274731.1
0x39cef799f8b69da1995852eea189df24eb5cae3c,2025-04-03,Fear,0.0,142,4742.898943661972,False,54.347826086956516,673491.65
0x39cef799f8b69da1995852eea189df24eb5cae3c,2025-04-04,Fear,266.39774,34,19800.740588235294,True,54.347826086956516,673225.18
0x39cef799f8b69da1995852eea189df24eb5cae3c,2025-04-06,Fear,24553.541149999997,68,2824.8166176470586,True,54.347826086956516,192087.53
0x39cef799f8b69da1995852eea189df24eb5cae3c,2025-04-07,Extreme Fear,25941.716413,929,3895.6048546824545,True,54.347826086956516,3619016.91
0x39cef799f8b69da1995852eea189df24eb5cae3c,2025-04-08,Extreme Fear,3366.444714,14,10183.131428571429,True,54.347826086956516,142563.84
0x39cef799f8b69da1995852eea189df24eb5cae3c,2025-04-09,Extreme Fear,-77308.420095,617,4099.378930307941,False,54.347826086956516,2529316.8
0x39cef799f8b69da1995852eea189df24eb5cae3c,2025-04-10,Fear,-831.2396219999999,306,5795.6883333333335,False,54.347826086956516,1773480.6300000001
0x39cef799f8b69da1995852eea189df24eb5cae3c,2025-04-13,Neutral,3271.3693780000003,135,20019.11111111111,True,54.347826086956516,2702580.0
0x39cef799f8b69da1995852eea189df24eb5cae3c,2025-04-14,Fear,128.67829,1,844654.19,True,54.347826086956516,844654.19
0x3f9a0aadc7f04a7c9d75dc1b5a6ddd6e36486cf6,2024-10-03,Fear,100.375782,5,2585.338,True,53.57142857142857,12926.69
0x3f9a0aadc7f04a7c9d75dc1b5a6ddd6e36486cf6,2024-11-03,Greed,0.0,2,9530.66,False,53.57142857142857,19061.32
0x3f9a0aadc7f04a7c9d75dc1b5a6ddd6e36486cf6,2024-11-04,Greed,540.05911,10,1960.1330000000003,True,53.57142857142857,19601.33
0x3f9a0aadc7f04a7c9d75dc1b5a6ddd6e36486cf6,2024-11-07,Extreme Greed,503.46257599999996,16,1929.28125,True,53.57142857142857,30868.5
0x3f9a0aadc7f04a7c9d75dc1b5a6ddd6e36486cf6,2024-11-10,Extreme Greed,0.0,1,9836.88,False,53.57142857142857,9836.88
0x3f9a0aadc7f04a7c9d75dc1b5a6ddd6e36486cf6,2024-11-11,Extreme Greed,393.07947,4,2557.49,True,53.57142857142857,10229.96
0x3f9a0aadc7f04a7c9d75dc1b5a6ddd6e36486cf6,2024-11-12,Extreme Greed,0.0,4,1319.1399999999999,False,53.57142857142857,5276.5599999999995
0x3f9a0aadc7f04a7c9d75dc1b5a6ddd6e36486cf6,2024-11-13,Extreme Greed,135.09947,8,1860.1075,True,53.57142857142857,14880.86
0x3f9a0aadc7f04a7c9d75dc1b5a6ddd6e36486cf6,2024-11-15,Extreme Greed,0.0,35,930.75,False,53.57142857142857,32576.25
0x3f9a0aadc7f04a7c9d75dc1b5a6ddd6e36486cf6,2024-11-19,Extreme Greed,245.44495999999998,5,6564.348,True,53.57142857142857,32821.74
0x3f9a0aadc7f04a7c9d75dc1b5a6ddd6e36486cf6,2024-11-22,Extreme Greed,1050.894,22,2990.737727272727,True,53.57142857142857,65796.23
0x3f9a0aadc7f04a7c9d75dc1b5a6ddd6e36486cf6,2024-11-23,Extreme Greed,788.45072,7,3091.247142857143,True,53.57142857142857,21638.73
0x3f9a0aadc7f04a7c9d75dc1b5a6ddd6e36486cf6,2024-11-26,Extreme Greed,0.0,36,1012.4008333333334,False,53.57142857142857,36446.43
0x3f9a0aadc7f04a7c9d75dc1b5a6ddd6e36486cf6,2024-11-28,Extreme Greed,3855.7522,25,1612.0868,True,53.57142857142857,40302.17
0x3f9a0aadc7f04a7c9d75dc1b5a6ddd6e36486cf6,2024-11-29,Extreme Greed,0.0,10,13325.11,False,53.57142857142857,133251.1
0x3f9a0aadc7f04a7c9d75dc1b5a6ddd6e36486cf6,2024-12-02,Extreme Greed,0.0,1,46692.72,False,53.57142857142857,46692.72
0x3f9a0aadc7f04a7c9d75dc1b5a6ddd6e36486cf6,2024-12-26,Extreme Greed,29897.971695000004,32,2297.953125,True,53.57142857142857,73534.5
0x3f9a0aadc7f04a7c9d75dc1b5a6ddd6e36486cf6,2024-12-28,Greed,0.0,10,6154.678,False,53.57142857142857,61546.78
0x3f9a0aadc7f04a7c9d75dc1b5a6ddd6e36486cf6,2025-01-12,Greed,3699.757273,3,7958.366666666666,True,53.57142857142857,23875.1
0x3f9a0aadc7f04a7c9d75dc1b5a6ddd6e36486cf6,2025-01-13,Greed,0.0,1,0.22,False,53.57142857142857,0.22
0x3f9a0aadc7f04a7c9d75dc1b5a6ddd6e36486cf6,2025-02-14,Neutral,8019.163096,1,63734.69,True,53.57142857142857,63734.69
0x3f9a0aadc7f04a7c9d75dc1b5a6ddd6e36486cf6,2025-04-04,Fear,0.0,1,63727.4,False,53.57142857142857,63727.4
0x3f9a0aadc7f04a7c9d75dc1b5a6ddd6e36486cf6,2025-04-05,Fear,562.1943200000001,19,3383.65,True,53.57142857142857,64289.35
0x3f9a0aadc7f04a7c9d75dc1b5a6ddd6e36486cf6,2025-04-06,Fear,0.0,21,3060.3452380952376,False,53.57142857142857,64267.24999999999
0x3f9a0aadc7f04a7c9d75dc1b5a6ddd6e36486cf6,2025-04-09,Extreme Fear,110.553364,19,3388.287368421053,True,53.57142857142857,64377.46000000001
0x3f9a0aadc7f04a7c9d75dc1b5a6ddd6e36486cf6,2025-04-10,Fear,0.0,6,10728.526666666667,False,53.57142857142857,64371.16
0x3f9a0aadc7f04a7c9d75dc1b5a6ddd6e36486cf6,2025-04-12,Fear,3593.989207,27,2517.1996296296297,True,53.57142857142857,67964.39
0x3f9a0aadc7f04a7c9d75dc1b5a6ddd6e36486cf6,2025-04-13,Neutral,0.0,1,0.69,False,53.57142857142857,0.69
0x420ab45e0bd8863569a5efbb9c05d91f40624641,2024-12-06,Greed,0.0,45,10673.925777777777,False,50.0,480326.66
0x420ab45e0bd8863569a5efbb9c05d91f40624641,2024-12-12,Extreme Greed,1762.46,10,6750.81,True,50.0,67508.1
0x420ab45e0bd8863569a5efbb9c05d91f40624641,2024-12-17,Extreme Greed,27.63736,20,3976.0629999999996,True,50.0,79521.26
0x420ab45e0bd8863569a5efbb9c05d91f40624641,2024-12-18,Extreme Greed,0.0,44,3081.5213636363637,False,50.0,135586.94
0x420ab45e0bd8863569a5efbb9c05d91f40624641,2024-12-19,Extreme Greed,2229.5212300000003,4,4987.015,True,50.0,19948.06
0x420ab45e0bd8863569a5efbb9c05d91f40624641,2024-12-23,Greed,12082.95,2,13593.75,True,50.0,27187.5
0x420ab45e0bd8863569a5efbb9c05d91f40624641,2024-12-24,Greed,0.0,7,4312.501428571429,False,50.0,30187.510000000002
0x420ab45e0bd8863569a5efbb9c05d91f40624641,2025-01-08,Greed,0.0,12,2966.789166666667,False,50.0,35601.47
0x420ab45e0bd8863569a5efbb9c05d91f40624641,2025-01-15,Greed,0.0,2,48455.0,False,50.0,96910.0
0x420ab45e0bd8863569a5efbb9c05d91f40624641,2025-01-16,Extreme Greed,0.0,30,1508.392,False,50.0,45251.76
0x420ab45e0bd8863569a5efbb9c05d91f40624641,2025-02-08,Fear,0.0,5,10322.714,False,50.0,51613.57
0x420ab45e0bd8863569a5efbb9c05d91f40624641,2025-02-14,Neutral,0.0,12,2078.9283333333333,False,50.0,24947.14
0x420ab45e0bd8863569a5efbb9c05d91f40624641,2025-03-08,Fear,11894.061848,11,5318.463636363636,True,50.0,58503.1
0x420ab45e0bd8863569a5efbb9c05d91f40624641,2025-03-11,Extreme Fear,9461.082288,61,2446.7424590163937,True,50.0,149251.29
0x420ab45e0bd8863569a5efbb9c05d91f40624641,2025-03-14,Fear,16017.255710000001,8,1201.78,True,50.0,9614.24
0x420ab45e0bd8863569a5efbb9c05d91f40624641,2025-03-15,Neutral,74293.663505,25,3134.3723999999997,True,50.0,78359.31
0x420ab45e0bd8863569a5efbb9c05d91f40624641,2025-03-18,Fear,63015.976505,5,22996.97,True,50.0,114984.85
0x420ab45e0bd8863569a5efbb9c05d91f40624641,2025-03-19,Fear,0.0,58,5839.154827586207,False,50.0,338670.98
0x420ab45e0bd8863569a5efbb9c05d91f40624641,2025-03-25,Neutral,0.0,11,9047.907272727272,False,50.0,99526.98
0x420ab45e0bd8863569a5efbb9c05d91f40624641,2025-04-10,Fear,8720.984286,11,4002.4445454545453,True,50.0,44026.89
0x430f09841d65beb3f27765503d0f850b8bce7713,2024-04-20,Greed,0.0,20,2436.6825,False,25.0,48733.65
0x430f09841d65beb3f27765503d0f850b8bce7713,2024-04-25,Greed,0.0,68,753.8510294117647,False,25.0,51261.869999999995
0x430f09841d65beb3f27765503d0f850b8bce7713,2024-06-19,Greed,0.0,3,7722.796666666666,False,25.0,23168.39
0x430f09841d65beb3f27765503d0f850b8bce7713,2024-06-20,Greed,57478.456026,8,21188.46875,True,25.0,169507.75
0x430f09841d65beb3f27765503d0f850b8bce7713,2024-07-23,Greed,88084.992348,229,1072.2595633187773,True,25.0,245547.44
0x430f09841d65beb3f27765503d0f850b8bce7713,2024-07-24,Greed,0.0,2,0.335,False,25.0,0.67
0x430f09841d65beb3f27765503d0f850b8bce7713,2024-07-25,Greed,0.0,1,0.94,False,25.0,0.94
0x430f09841d65beb3f27765503d0f850b8bce7713,2024-08-09,Neutral,0.0,1,0.12,False,25.0,0.12
0x430f09841d65beb3f27765503d0f850b8bce7713,2024-08-10,Fear,0.0,1,0.68,False,25.0,0.68
0x430f09841d65beb3f27765503d0f850b8bce7713,2024-08-12,Fear,0.0,1,0.61,False,25.0,0.61
0x430f09841d65beb3f27765503d0f850b8bce7713,2024-08-13,Fear,0.0,1,0.67,False,25.0,0.67
0x430f09841d65beb3f27765503d0f850b8bce7713,2024-08-14,Fear,0.0,1,0.53,False,25.0,0.53
0x430f09841d65beb3f27765503d0f850b8bce7713,2024-08-30,Fear,0.0,1,0.62,False,25.0,0.62
0x430f09841d65beb3f27765503d0f850b8bce7713,2024-08-31,Fear,0.0,1,0.96,False,25.0,0.96
0x430f09841d65beb3f27765503d0f850b8bce7713,2024-09-11,Fear,0.0,1,0.54,False,25.0,0.54
0x430f09841d65beb3f27765503d0f850b8bce7713,2024-09-14,Neutral,0.0,1,0.65,False,25.0,0.65
0x430f09841d65beb3f27765503d0f850b8bce7713,2024-09-21,Neutral,36165.56933,23,7202.092173913044,True,25.0,165648.12
0x430f09841d65beb3f27765503d0f850b8bce7713,2024-10-05,Neutral,0.0,1,0.61,False,25.0,0.61
0x430f09841d65beb3f27765503d0f850b8bce7713,2024-10-11,Fear,0.0,1,0.73,False,25.0,0.73
0x430f09841d65beb3f27765503d0f850b8bce7713,2024-11-29,Extreme Greed,124284.948775,15,8285.689333333334,True,25.0,124285.34
0x430f09841d65beb3f27765503d0f850b8bce7713,2025-02-07,Fear,5615.052102,93,4485.160645161291,True,25.0,417119.94
0x430f09841d65beb3f27765503d0f850b8bce7713,2025-02-12,Neutral,22795.8104,108,4261.555092592593,True,25.0,460247.95
0x430f09841d65beb3f27765503d0f850b8bce7713,2025-02-21,Greed,82117.04336,255,1500.5277647058824,True,25.0,382634.58
0x430f09841d65beb3f27765503d0f850b8bce7713,2025-04-09,Extreme Fear,0.0,79,5570.2651898734175,False,25.0,440050.95
0x430f09841d65beb3f27765503d0f850b8bce7713,2025-04-16,Fear,0.0,78,1231.3267948717948,False,25.0,96043.49
0x430f09841d65beb3f27765503d0f850b8bce7713,2025-04-18,Fear,0.0,58,1514.5613793103448,False,25.0,87844.56
0x430f09841d65beb3f27765503d0f850b8bce7713,2025-04-26,Greed,0.0,132,838.0906060606061,False,25.0,110627.96
0x430f09841d65beb3f27765503d0f850b8bce7713,2025-04-29,Greed,0.0,54,2655.1648148148147,False,25.0,143378.9
0x47add9a56df66b524d5e2c1993a43cde53b6ed85,2024-11-30,Extreme Greed,8.570313,8,249.58375,True,81.94444444444444,1996.67
0x47add9a56df66b524d5e2c1993a43cde53b6ed85,2024-12-01,Extreme Greed,197.422418,4,358.71500000000003,True,81.94444444444444,1434.8600000000001
0x47add9a56df66b524d5e2c1993a43cde53b6ed85,2024-12-03,Extreme Greed,30.727222,42,330.0188095238095,True,81.94444444444444,13860.79
0x47add9a56df66b524d5e2c1993a43cde53b6ed85,2024-12-04,Extreme Greed,910.584797,102,795.8152941176471,True,81.94444444444444,81173.16
0x47add9a56df66b524d5e2c1993a43cde53b6ed85,2024-12-05,Extreme Greed,3174.023699,290,587.6594137931035,True,81.94444444444444,170421.23
0x47add9a56df66b524d5e2c1993a43cde53b6ed85,2024-12-06,Greed,514.886454,108,1009.2267592592593,True,81.94444444444444,108996.49
0x47add9a56df66b524d5e2c1993a43cde53b6ed85,2024-12-07,Extreme Greed,1040.616939,180,580.1653888888889,True,81.94444444444444,104429.77
0x47add9a56df66b524d5e2c1993a43cde53b6ed85,2024-12-08,Extreme Greed,227.072158,69,423.3769565217391,True,81.94444444444444,29213.01
0x47add9a56df66b524d5e2c1993a43cde53b6ed85,2024-12-09,Extreme Greed,311.290605,55,399.53854545454544,True,81.94444444444444,21974.62
0x47add9a56df66b524d5e2c1993a43cde53b6ed85,2024-12-10,Extreme Greed,1474.670598,182,512.06510989011,True,81.94444444444444,93195.85
0x47add9a56df66b524d5e2c1993a43cde53b6ed85,2024-12-11,Greed,1157.689489,325,307.6034769230769,True,81.94444444444444,99971.13
0x47add9a56df66b524d5e2c1993a43cde53b6ed85,2024-12-12,Extreme Greed,574.398074,159,458.38842767295597,True,81.94444444444444,72883.76
0x47add9a56df66b524d5e2c1993a43cde53b6ed85,2024-12-13,Extreme Greed,587.630504,148,573.9341216216217,True,81.94444444444444,84942.25
0x47add9a56df66b524d5e2c1993a43cde53b6ed85,2024-12-14,Extreme Greed,1178.021061,62,488.356935483871,True,81.94444444444444,30278.13
0x47add9a56df66b524d5e2c1993a43cde53b6ed85,2024-12-15,Extreme Greed,10303.889423,181,622.4760773480663,True,81.94444444444444,112668.17
0x47add9a56df66b524d5e2c1993a43cde53b6ed85,2024-12-16,Extreme Greed,333.398209,92,574.7419565217391,True,81.94444444444444,52876.26
0x47add9a56df66b524d5e2c1993a43cde53b6ed85,2024-12-17,Extreme Greed,21172.081622,396,327.79242424242426,True,81.94444444444444,129805.8
0x47add9a56df66b524d5e2c1993a43cde53b6ed85,2024-12-18,Extreme Greed,3311.822419,226,380.76508849557524,True,81.94444444444444,86052.91
0x47add9a56df66b524d5e2c1993a43cde53b6ed85,2024-12-19,Extreme Greed,3491.018544,135,427.7865185185185,True,81.94444444444444,57751.18
0x47add9a56df66b524d5e2c1993a43cde53b6ed85,2024-12-20,Greed,6049.6938279999995,128,718.267421875,True,81.94444444444444,91938.23
0x47add9a56df66b524d5e2c1993a43cde53b6ed85,2024-12-21,Greed,7454.276452,229,475.0544978165939,True,81.94444444444444,108787.48
0x47add9a56df66b524d5e2c1993a43cde53b6ed85,2024-12-22,Greed,1063.854341,102,441.9328431372549,True,81.94444444444444,45077.15
0x47add9a56df66b524d5e2c1993a43cde53b6ed85,2024-12-23,Greed,4704.4420789999995,486,478.66473251028805,True,81.94444444444444,232631.06
0x47add9a56df66b524d5e2c1993a43cde53b6ed85,2024-12-24,Greed,1506.989241,121,393.04826446280987,True,81.94444444444444,47558.84
0x47add9a56df66b524d5e2c1993a43cde53b6ed85,2024-12-25,Greed,271.246809,99,434.2566666666667,True,81.94444444444444,42991.41
0x47add9a56df66b524d5e2c1993a43cde53b6ed85,2024-12-26,Extreme Greed,9136.439892,160,875.6657499999999,True,81.94444444444444,140106.52
0x47add9a56df66b524d5e2c1993a43cde53b6ed85,2024-12-27,Greed,1473.2450880000001,115,439.5926086956522,True,81.94444444444444,50553.15
0x47add9a56df66b524d5e2c1993a43cde53b6ed85,2024-12-28,Greed,74.156745,43,286.27116279069764,True,81.94444444444444,12309.66
0x47add9a56df66b524d5e2c1993a43cde53b6ed85,2024-12-29,Greed,1609.679253,92,473.0703260869565,True,81.94444444444444,43522.47
0x47add9a56df66b524d5e2c1993a43cde53b6ed85,2024-12-30,Greed,240.749155,59,530.9594915254237,True,81.94444444444444,31326.61
0x47add9a56df66b524d5e2c1993a43cde53b6ed85,2024-12-31,Greed,97.688169,99,541.9542424242425,True,81.94444444444444,53653.47
0x47add9a56df66b524d5e2c1993a43cde53b6ed85,2025-01-01,Greed,17.784696,16,632.90125,True,81.94444444444444,10126.42
0x47add9a56df66b524d5e2c1993a43cde53b6ed85,2025-01-02,Greed,677.276764,90,548.5241111111111,True,81.94444444444444,49367.17
0x47add9a56df66b524d5e2c1993a43cde53b6ed85,2025-01-03,Greed,846.655814,102,321.5754901960784,True,81.94444444444444,32800.7
0x47add9a56df66b524d5e2c1993a43cde53b6ed85,2025-01-04,Greed,73.451675,57,628.7080701754386,True,81.94444444444444,35836.36
0x47add9a56df66b524d5e2c1993a43cde53b6ed85,2025-01-05,Greed,8.594753,38,439.9673684210526,True,81.94444444444444,16718.76
0x47add9a56df66b524d5e2c1993a43cde53b6ed85,2025-01-06,Extreme Greed,559.643925,84,414.94607142857143,True,81.94444444444444,34855.47
0x47add9a56df66b524d5e2c1993a43cde53b6ed85,2025-01-07,Extreme Greed,289.257865,40,1311.98475,True,81.94444444444444,52479.39
0x47add9a56df66b524d5e2c1993a43cde53b6ed85,2025-01-08,Greed,1377.989592,187,524.9171122994652,True,81.94444444444444,98159.5
0x47add9a56df66b524d5e2c1993a43cde53b6ed85,2025-01-09,Greed,279.587921,95,498.5522105263158,True,81.94444444444444,47362.46
0x47add9a56df66b524d5e2c1993a43cde53b6ed85,2025-01-10,Neutral,-271.259943,97,586.3769072164948,False,81.94444444444444,56878.56
0x47add9a56df66b524d5e2c1993a43cde53b6ed85,2025-01-11,Greed,71.39075800000003,39,484.43128205128204,True,81.94444444444444,18892.82
0x47add9a56df66b524d5e2c1993a43cde53b6ed85,2025-01-12,Greed,103.67729899999999,44,282.01,True,81.94444444444444,12408.44
0x47add9a56df66b524d5e2c1993a43cde53b6ed85,2025-01-13,Greed,218.429393,67,540.2710447761193,True,81.94444444444444,36198.159999999996
0x47add9a56df66b524d5e2c1993a43cde53b6ed85,2025-01-14,Greed,992.803005,79,484.3945569620253,True,81.94444444444444,38267.17
0x47add9a56df66b524d5e2c1993a43cde53b6ed85,2025-01-15,Greed,361.155853,72,792.0838888888889,True,81.94444444444444,57030.04
0x47add9a56df66b524d5e2c1993a43cde53b6ed85,2025-01-16,Extreme Greed,319.22369499999996,88,467.3454545454546,True,81.94444444444444,41126.4
0x47add9a56df66b524d5e2c1993a43cde53b6ed85,2025-01-17,Extreme Greed,498.16985999999997,50,558.7280000000001,True,81.94444444444444,27936.4
0x47add9a56df66b524d5e2c1993a43cde53b6ed85,2025-01-18,Extreme Greed,307.105046,34,583.8729411764706,True,81.94444444444444,19851.68
0x47add9a56df66b524d5e2c1993a43cde53b6ed85,2025-01-19,Extreme Greed,541.742729,27,855.0277777777778,True,81.94444444444444,23085.75
0x47add9a56df66b524d5e2c1993a43cde53b6ed85,2025-01-20,Extreme Greed,2262.94445,66,1131.5053030303031,True,81.94444444444444,74679.35
0x47add9a56df66b524d5e2c1993a43cde53b6ed85,2025-01-21,Extreme Greed,287.821918,13,645.536153846154,True,81.94444444444444,8391.970000000001
0x47add9a56df66b524d5e2c1993a43cde53b6ed85,2025-01-22,Extreme Greed,2867.6138889999997,98,587.97,True,81.94444444444444,57621.06
0x47add9a56df66b524d5e2c1993a43cde53b6ed85,2025-01-23,Extreme Greed,420.491149,26,501.15999999999997,True,81.94444444444444,13030.16
0x47add9a56df66b524d5e2c1993a43cde53b6ed85,2025-01-24,Extreme Greed,553.5255989999999,40,583.839,True,81.94444444444444,23353.56
0x47add9a56df66b524d5e2c1993a43cde53b6ed85,2025-01-25,Extreme Greed,416.148576,36,607.7458333333333,True,81.94444444444444,21878.85
0x47add9a56df66b524d5e2c1993a43cde53b6ed85,2025-01-26,Greed,535.938645,18,586.3983333333333,True,81.94444444444444,10555.17
0x47add9a56df66b524d5e2c1993a43cde53b6ed85,2025-01-27,Greed,1295.825632,83,600.4903614457832,True,81.94444444444444,49840.7
0x47add9a56df66b524d5e2c1993a43cde53b6ed85,2025-01-28,Greed,475.702642,43,577.776511627907,True,81.94444444444444,24844.39
0x47add9a56df66b524d5e2c1993a43cde53b6ed85,2025-01-29,Greed,41.935052,14,446.21642857142854,True,81.94444444444444,6247.03
0x47add9a56df66b524d5e2c1993a43cde53b6ed85,2025-01-30,Greed,783.829317,44,634.8495454545455,True,81.94444444444444,27933.38
0x47add9a56df66b524d5e2c1993a43cde53b6ed85,2025-01-31,Extreme Greed,488.582241,57,426.12614035087717,True,81.94444444444444,24289.19
0x47add9a56df66b524d5e2c1993a43cde53b6ed85,2025-02-01,Greed,526.448209,33,490.5812121212121,True,81.94444444444444,16189.18
0x47add9a56df66b524d5e2c1993a43cde53b6ed85,2025-02-02,Greed,-782.6517170000001,108,475.55675925925925,False,81.94444444444444,51360.13
0x47add9a56df66b524d5e2c1993a43cde53b6ed85,2025-02-03,Fear,2440.916534,182,633.5157142857142,True,81.94444444444444,115299.86
0x47add9a56df66b524d5e2c1993a43cde53b6ed85,2025-02-04,Greed,874.3810560000001,34,389.9655882352941,True,81.94444444444444,13258.83
0x47add9a56df66b524d5e2c1993a43cde53b6ed85,2025-02-05,Neutral,32.72269,3,431.90000000000003,True,81.94444444444444,1295.7
0x47add9a56df66b524d5e2c1993a43cde53b6ed85,2025-02-06,Neutral,922.6724320000001,63,414.6168253968254,True,81.94444444444444,26120.86
0x47add9a56df66b524d5e2c1993a43cde53b6ed85,2025-02-07,Fear,126.11297599999999,17,288.2288235294118,True,81.94444444444444,4899.89
0x47add9a56df66b524d5e2c1993a43cde53b6ed85,2025-02-08,Fear,78.902492,22,532.6045454545455,True,81.94444444444444,11717.3
0x47add9a56df66b524d5e2c1993a43cde53b6ed85,2025-02-09,Neutral,378.027954,29,352.76931034482755,True,81.94444444444444,10230.31
0x47add9a56df66b524d5e2c1993a43cde53b6ed85,2025-02-10,Fear,4.42722,6,521.32,True,81.94444444444444,3127.92
0x47add9a56df66b524d5e2c1993a43cde53b6ed85,2025-02-11,Neutral,314.918282,17,456.26176470588234,True,81.94444444444444,7756.45
0x47add9a56df66b524d5e2c1993a43cde53b6ed85,2025-02-12,Neutral,117.09923500000001,5,661.658,True,81.94444444444444,3308.29
0x47add9a56df66b524d5e2c1993a43cde53b6ed85,2025-02-13,Neutral,534.854304,47,383.71595744680855,True,81.94444444444444,18034.65
0x47add9a56df66b524d5e2c1993a43cde53b6ed85,2025-02-14,Neutral,-10.630689999999959,47,315.5821276595745,False,81.94444444444444,14832.36
0x47add9a56df66b524d5e2c1993a43cde53b6ed85,2025-02-15,Neutral,231.07204,21,367.2038095238095,True,81.94444444444444,7711.28
0x47add9a56df66b524d5e2c1993a43cde53b6ed85,2025-02-16,Neutral,278.922501,41,396.6439024390244,True,81.94444444444444,16262.4
0x47add9a56df66b524d5e2c1993a43cde53b6ed85,2025-02-17,Neutral,19.482565,13,392.2353846153846,True,81.94444444444444,5099.0599999999995
0x47add9a56df66b524d5e2c1993a43cde53b6ed85,2025-02-18,Neutral,336.64107,54,415.7527777777778,True,81.94444444444444,22450.65
0x47add9a56df66b524d5e2c1993a43cde53b6ed85,2025-02-19,Fear,89.261197,22,303.90090909090907,True,81.94444444444444,6685.82
0x47add9a56df66b524d5e2c1993a43cde53b6ed85,2025-02-20,Neutral,168.023469,13,378.7576923076923,True,81.94444444444444,4923.85
0x47add9a56df66b524d5e2c1993a43cde53b6ed85,2025-02-21,Greed,165.776644,15,301.59066666666666,True,81.94444444444444,4523.86
0x47add9a56df66b524d5e2c1993a43cde53b6ed85,2025-02-22,Neutral,31.523152,18,343.53666666666663,True,81.94444444444444,6183.66
0x47add9a56df66b524d5e2c1993a43cde53b6ed85,2025-02-23,Neutral,122.057796,7,369.9928571428572,True,81.94444444444444,2589.9500000000003
0x47add9a56df66b524d5e2c1993a43cde53b6ed85,2025-02-24,Neutral,437.185458,29,543.7444827586207,True,81.94444444444444,15768.59
0x47add9a56df66b524d5e2c1993a43cde53b6ed85,2025-02-25,Fear,3455.584856,190,512.5179473684211,True,81.94444444444444,97378.41
0x47add9a56df66b524d5e2c1993a43cde53b6ed85,2025-02-26,Extreme Fear,-200.798196,28,603.3185714285713,False,81.94444444444444,16892.92
0x47add9a56df66b524d5e2c1993a43cde53b6ed85,2025-02-27,Extreme Fear,-195.841458,18,330.11833333333334,False,81.94444444444444,5942.13
0x47add9a56df66b524d5e2c1993a43cde53b6ed85,2025-02-28,Extreme Fear,933.170538,71,514.1759154929578,True,81.94444444444444,36506.49
0x47add9a56df66b524d5e2c1993a43cde53b6ed85,2025-03-01,Extreme Fear,109.593094,27,617.1918518518519,True,81.94444444444444,16664.18
0x47add9a56df66b524d5e2c1993a43cde53b6ed85,2025-03-02,Fear,349.12092600000005,21,1106.6938095238095,True,81.94444444444444,23240.57
0x47add9a56df66b524d5e2c1993a43cde53b6ed85,2025-03-03,Fear,376.017126,33,591.2160606060606,True,81.94444444444444,19510.13
0x47add9a56df66b524d5e2c1993a43cde53b6ed85,2025-03-04,Extreme Fear,444.266681,32,502.8234375,True,81.94444444444444,16090.35
0x47add9a56df66b524d5e2c1993a43cde53b6ed85,2025-03-05,Extreme Fear,423.18325600000003,21,550.0914285714285,True,81.94444444444444,11551.92
0x47add9a56df66b524d5e2c1993a43cde53b6ed85,2025-03-06,Fear,102.92652,12,742.9966666666666,True,81.94444444444444,8915.96
0x47add9a56df66b524d5e2c1993a43cde53b6ed85,2025-03-07,Fear,781.670551,62,463.668064516129,True,81.94444444444444,28747.42
0x47add9a56df66b524d5e2c1993a43cde53b6ed85,2025-03-08,Fear,119.3611,31,449.9274193548387,True,81.94444444444444,13947.75
0x47add9a56df66b524d5e2c1993a43cde53b6ed85,2025-03-09,Fear,0.0,8,827.6537500000001,False,81.94444444444444,6621.2300000000005
0x47add9a56df66b524d5e2c1993a43cde53b6ed85,2025-03-10,Extreme Fear,0.0,16,734.3568750000001,False,81.94444444444444,11749.710000000001
0x47add9a56df66b524d5e2c1993a43cde53b6ed85,2025-03-11,Extreme Fear,266.837111,32,504.60375,True,81.94444444444444,16147.32
0x47add9a56df66b524d5e2c1993a43cde53b6ed85,2025-03-12,Fear,78.714444,7,738.5457142857142,True,81.94444444444444,5169.82
0x47add9a56df66b524d5e2c1993a43cde53b6ed85,2025-03-13,Neutral,-1.2672399999999993,9,364.46555555555557,False,81.94444444444444,3280.19
0x47add9a56df66b524d5e2c1993a43cde53b6ed85,2025-03-15,Neutral,202.313183,36,837.4561111111111,True,81.94444444444444,30148.420000000002
0x47add9a56df66b524d5e2c1993a43cde53b6ed85,2025-03-16,Fear,-6.342484000000001,7,569.8328571428572,False,81.94444444444444,3988.83
0x47add9a56df66b524d5e2c1993a43cde53b6ed85,2025-03-17,Fear,-31.277088,3,705.3433333333334,False,81.94444444444444,2116.03
0x47add9a56df66b524d5e2c1993a43cde53b6ed85,2025-03-19,Fear,-2.8135689999999993,12,485.3908333333334,False,81.94444444444444,5824.6900000000005
0x47add9a56df66b524d5e2c1993a43cde53b6ed85,2025-03-20,Neutral,-147.78931200000002,20,769.2385,False,81.94444444444444,15384.77
0x47add9a56df66b524d5e2c1993a43cde53b6ed85,2025-03-21,Fear,39.1247,6,494.46000000000004,True,81.94444444444444,2966.76
0x47add9a56df66b524d5e2c1993a43cde53b6ed85,2025-03-22,Fear,-1184.046158,11,340.78363636363633,False,81.94444444444444,3748.62
0x47add9a56df66b524d5e2c1993a43cde53b6ed85,2025-03-23,Fear,0.0,2,374.475,False,81.94444444444444,748.95
0x47add9a56df66b524d5e2c1993a43cde53b6ed85,2025-03-24,Neutral,-216.431703,25,545.196,False,81.94444444444444,13629.9
0x47add9a56df66b524d5e2c1993a43cde53b6ed85,2025-03-25,Neutral,87.95347999999998,3,377.80999999999995,True,81.94444444444444,1133.4299999999998
0x47add9a56df66b524d5e2c1993a43cde53b6ed85,2025-03-26,Neutral,69.285,3,749.9666666666667,True,81.94444444444444,2249.9
0x47add9a56df66b524d5e2c1993a43cde53b6ed85,2025-03-30,Fear,0.0,3,250.07333333333335,False,81.94444444444444,750.22
0x47add9a56df66b524d5e2c1993a43cde53b6ed85,2025-03-31,Fear,798.187528,16,471.555,True,81.94444444444444,7544.88
0x47add9a56df66b524d5e2c1993a43cde53b6ed85,2025-04-01,Fear,-680.287463,19,247.43947368421055,False,81.94444444444444,4701.35
0x47add9a56df66b524d5e2c1993a43cde53b6ed85,2025-04-02,Fear,93.006465,4,405.9275,True,81.94444444444444,1623.71
0x47add9a56df66b524d5e2c1993a43cde53b6ed85,2025-04-03,Fear,7.052034,14,635.2357142857143,True,81.94444444444444,8893.3
0x47add9a56df66b524d5e2c1993a43cde53b6ed85,2025-04-04,Fear,0.0,2,874.78,False,81.94444444444444,1749.56
0x47add9a56df66b524d5e2c1993a43cde53b6ed85,2025-04-05,Fear,-132.88134,25,586.6572,False,81.94444444444444,14666.43
0x47add9a56df66b524d5e2c1993a43cde53b6ed85,2025-04-06,Fear,-1400.5515480000001,15,661.3813333333333,False,81.94444444444444,9920.72
0x47add9a56df66b524d5e2c1993a43cde53b6ed85,2025-04-07,Extreme Fear,-5651.552238,48,569.6545833333333,False,81.94444444444444,27343.420000000002
0x47add9a56df66b524d5e2c1993a43cde53b6ed85,2025-04-08,Extreme Fear,-6745.027414,42,700.9559523809525,False,81.94444444444444,29440.15
0x47add9a56df66b524d5e2c1993a43cde53b6ed85,2025-04-09,Extreme Fear,-3911.273892,56,638.1583928571429,False,81.94444444444444,35736.87
0x47add9a56df66b524d5e2c1993a43cde53b6ed85,2025-04-10,Fear,258.032458,21,520.317619047619,True,81.94444444444444,10926.67
0x47add9a56df66b524d5e2c1993a43cde53b6ed85,2025-04-11,Fear,608.246567,28,378.8592857142857,True,81.94444444444444,10608.06
0x47add9a56df66b524d5e2c1993a43cde53b6ed85,2025-04-12,Fear,3105.920269,41,550.1919512195121,True,81.94444444444444,22557.87
0x47add9a56df66b524d5e2c1993a43cde53b6ed85,2025-04-13,Neutral,490.32631200000003,26,601.84,True,81.94444444444444,15647.84
0x47add9a56df66b524d5e2c1993a43cde53b6ed85,2025-04-14,Fear,263.769257,7,377.75428571428574,True,81.94444444444444,2644.28
0x47add9a56df66b524d5e2c1993a43cde53b6ed85,2025-04-16,Fear,17.022667,11,768.989090909091,True,81.94444444444444,8458.880000000001
0x47add9a56df66b524d5e2c1993a43cde53b6ed85,2025-04-17,Fear,169.67583499999998,29,456.538275862069,True,81.94444444444444,13239.61
0x47add9a56df66b524d5e2c1993a43cde53b6ed85,2025-04-19,Fear,64.128219,2,375.075,True,81.94444444444444,750.15
0x47add9a56df66b524d5e2c1993a43cde53b6ed85,2025-04-20,Fear,12.652267000000005,21,580.8100000000001,True,81.94444444444444,12197.01
0x47add9a56df66b524d5e2c1993a43cde53b6ed85,2025-04-21,Fear,-2.1503300000000003,12,249.97833333333332,False,81.94444444444444,2999.74
0x47add9a56df66b524d5e2c1993a43cde53b6ed85,2025-04-22,Neutral,-282.266207,14,343.8335714285714,False,81.94444444444444,4813.67
0x47add9a56df66b524d5e2c1993a43cde53b6ed85,2025-04-23,Greed,511.720343,45,336.54622222222224,True,81.94444444444444,15144.58
0x47add9a56df66b524d5e2c1993a43cde53b6ed85,2025-04-24,Greed,350.896638,24,396.0429166666667,True,81.94444444444444,9505.03
0x47add9a56df66b524d5e2c1993a43cde53b6ed85,2025-04-25,Greed,0.0,7,392.83714285714285,False,81.94444444444444,2749.86
0x47add9a56df66b524d5e2c1993a43cde53b6ed85,2025-04-26,Greed,147.607393,18,288.9161111111111,True,81.94444444444444,5200.49
0x47add9a56df66b524d5e2c1993a43cde53b6ed85,2025-04-27,Greed,361.183441,13,370.71153846153845,True,81.94444444444444,4819.25
0x47add9a56df66b524d5e2c1993a43cde53b6ed85,2025-04-28,Neutral,146.420556,9,360.80111111111114,True,81.94444444444444,3247.21
0x47add9a56df66b524d5e2c1993a43cde53b6ed85,2025-04-29,Greed,30.495403,7,356.9714285714286,True,81.94444444444444,2498.8
0x47add9a56df66b524d5e2c1993a43cde53b6ed85,2025-05-01,Neutral,37.385304,7,299.0128571428572,True,81.94444444444444,2093.09
0x4acb90e786d897ecffb614dc822eb231b4ffb9f4,2024-12-14,Extreme Greed,0.0,1,24979.8,False,67.24137931034483,24979.8
0x4acb90e786d897ecffb614dc822eb231b4ffb9f4,2024-12-19,Extreme Greed,7440.638159,89,5090.390786516854,True,67.24137931034483,453044.78
0x4acb90e786d897ecffb614dc822eb231b4ffb9f4,2024-12-20,Greed,53635.529649,238,9628.82474789916,True,67.24137931034483,2291660.29
0x4acb90e786d897ecffb614dc822eb231b4ffb9f4,2024-12-27,Greed,357.346725,18,7190.583333333333,True,67.24137931034483,129430.5
0x4acb90e786d897ecffb614dc822eb231b4ffb9f4,2024-12-30,Greed,2227.18659,38,6536.572105263158,True,67.24137931034483,248389.74
0x4acb90e786d897ecffb614dc822eb231b4ffb9f4,2025-01-08,Greed,0.0,139,5040.074460431654,False,67.24137931034483,700570.35
0x4acb90e786d897ecffb614dc822eb231b4ffb9f4,2025-01-09,Greed,35352.95374,96,7755.243541666667,True,67.24137931034483,744503.38
0x4acb90e786d897ecffb614dc822eb231b4ffb9f4,2025-01-10,Neutral,2812.7685,27,4195.841481481481,True,67.24137931034483,113287.72
0x4acb90e786d897ecffb614dc822eb231b4ffb9f4,2025-01-12,Greed,927.412681,390,830.1821794871795,True,67.24137931034483,323771.05
0x4acb90e786d897ecffb614dc822eb231b4ffb9f4,2025-01-13,Greed,0.0,23,6845.160434782609,False,67.24137931034483,157438.69
0x4acb90e786d897ecffb614dc822eb231b4ffb9f4,2025-01-16,Extreme Greed,13963.52,4,42850.549999999996,True,67.24137931034483,171402.19999999998
0x4acb90e786d897ecffb614dc822eb231b4ffb9f4,2025-01-19,Extreme Greed,1519.769822,30,3916.7593333333334,True,67.24137931034483,117502.78
0x4acb90e786d897ecffb614dc822eb231b4ffb9f4,2025-01-20,Extreme Greed,-2427.873799,43,2596.646976744186,False,67.24137931034483,111655.81999999999
0x4acb90e786d897ecffb614dc822eb231b4ffb9f4,2025-02-20,Neutral,0.0,13,1538.4553846153844,False,67.24137931034483,19999.92
0x4acb90e786d897ecffb614dc822eb231b4ffb9f4,2025-02-24,Neutral,856.4737299999999,41,5876.914634146341,True,67.24137931034483,240953.5
0x4acb90e786d897ecffb614dc822eb231b4ffb9f4,2025-02-25,Fear,11271.895074,215,5634.781581395349,True,67.24137931034483,1211478.04
0x4acb90e786d897ecffb614dc822eb231b4ffb9f4,2025-02-26,Extreme Fear,22137.551238,50,8442.721599999999,True,67.24137931034483,422136.07999999996
0x4acb90e786d897ecffb614dc822eb231b4ffb9f4,2025-02-27,Extreme Fear,503.31943,12,8378.118333333334,True,67.24137931034483,100537.42
0x4acb90e786d897ecffb614dc822eb231b4ffb9f4,2025-02-28,Extreme Fear,22299.186495,89,14857.899887640451,True,67.24137931034483,1322353.09
0x4acb90e786d897ecffb614dc822eb231b4ffb9f4,2025-03-03,Fear,0.0,19,10522.962631578948,False,67.24137931034483,199936.29
0x4acb90e786d897ecffb614dc822eb231b4ffb9f4,2025-03-04,Extreme Fear,0.0,155,5549.306774193548,False,67.24137931034483,860142.5499999999
0x4acb90e786d897ecffb614dc822eb231b4ffb9f4,2025-03-06,Fear,5109.859504,15,9685.342,True,67.24137931034483,145280.13
0x4acb90e786d897ecffb614dc822eb231b4ffb9f4,2025-03-07,Fear,0.0,57,1755.7517543859651,False,67.24137931034483,100077.85
0x4acb90e786d897ecffb614dc822eb231b4ffb9f4,2025-03-10,Extreme Fear,0.08712,114,5590.744561403509,True,67.24137931034483,637344.88
0x4acb90e786d897ecffb614dc822eb231b4ffb9f4,2025-03-11,Extreme Fear,0.0,84,3216.501666666667,False,67.24137931034483,270186.14
0x4acb90e786d897ecffb614dc822eb231b4ffb9f4,2025-03-13,Neutral,0.0,15,4349.66,False,67.24137931034483,65244.9
0x4acb90e786d897ecffb614dc822eb231b4ffb9f4,2025-03-20,Neutral,4839.59228,195,3233.520923076923,True,67.24137931034483,630536.58
0x4acb90e786d897ecffb614dc822eb231b4ffb9f4,2025-03-21,Fear,0.0,17,1470.5794117647058,False,67.24137931034483,24999.85
0x4acb90e786d897ecffb614dc822eb231b4ffb9f4,2025-03-22,Fear,4350.379248,53,1308.6299999999999,True,67.24137931034483,69357.39
0x4acb90e786d897ecffb614dc822eb231b4ffb9f4,2025-03-23,Fear,2897.148962,76,3986.6614473684212,True,67.24137931034483,302986.27
0x4acb90e786d897ecffb614dc822eb231b4ffb9f4,2025-03-24,Neutral,48946.705539,185,6360.884432432433,True,67.24137931034483,1176763.62
0x4acb90e786d897ecffb614dc822eb231b4ffb9f4,2025-03-25,Neutral,30531.101000000002,50,12797.315200000001,True,67.24137931034483,639865.76
0x4acb90e786d897ecffb614dc822eb231b4ffb9f4,2025-03-26,Neutral,9261.449882,140,4924.3603571428575,True,67.24137931034483,689410.4500000001
0x4acb90e786d897ecffb614dc822eb231b4ffb9f4,2025-03-29,Fear,314.6728,23,15232.22,True,67.24137931034483,350341.06
0x4acb90e786d897ecffb614dc822eb231b4ffb9f4,2025-03-30,Fear,5362.529222,21,12161.259047619047,True,67.24137931034483,255386.44
0x4acb90e786d897ecffb614dc822eb231b4ffb9f4,2025-03-31,Fear,4750.8109939999995,47,9463.05744680851,True,67.24137931034483,444763.7
0x4acb90e786d897ecffb614dc822eb231b4ffb9f4,2025-04-02,Fear,444.205198,16,37473.885625,True,67.24137931034483,599582.17
0x4acb90e786d897ecffb614dc822eb231b4ffb9f4,2025-04-03,Fear,0.0,60,16666.611,False,67.24137931034483,999996.66
0x4acb90e786d897ecffb614dc822eb231b4ffb9f4,2025-04-04,Fear,0.0,51,8264.040980392158,False,67.24137931034483,421466.09
0x4acb90e786d897ecffb614dc822eb231b4ffb9f4,2025-04-05,Fear,31134.240601999998,102,5175.765784313725,True,67.24137931034483,527928.11
0x4acb90e786d897ecffb614dc822eb231b4ffb9f4,2025-04-06,Fear,0.0,103,5508.490970873787,False,67.24137931034483,567374.5700000001
0x4acb90e786d897ecffb614dc822eb231b4ffb9f4,2025-04-07,Extreme Fear,13642.628143,189,7781.819788359788,True,67.24137931034483,1470763.94
0x4acb90e786d897ecffb614dc822eb231b4ffb9f4,2025-04-08,Extreme Fear,221.0,3,52275.0,True,67.24137931034483,156825.0
0x4acb90e786d897ecffb614dc822eb231b4ffb9f4,2025-04-09,Extreme Fear,107892.62706,290,17935.84644827586,True,67.24137931034483,5201395.47
0x4acb90e786d897ecffb614dc822eb231b4ffb9f4,2025-04-10,Fear,84856.33534,222,26118.342432432433,True,67.24137931034483,5798272.0200000005
0x4acb90e786d897ecffb614dc822eb231b4ffb9f4,2025-04-11,Fear,122461.112004,74,24390.13621621622,True,67.24137931034483,1804870.08
0x4acb90e786d897ecffb614dc822eb231b4ffb9f4,2025-04-12,Fear,0.0,68,16878.26676470588,False,67.24137931034483,1147722.14
0x4acb90e786d897ecffb614dc822eb231b4ffb9f4,2025-04-14,Fear,21531.8321,76,26925.528815789472,True,67.24137931034483,2046340.19
0x4acb90e786d897ecffb614dc822eb231b4ffb9f4,2025-04-15,Fear,0.0,51,3354.117450980392,False,67.24137931034483,171059.99
0x4acb90e786d897ecffb614dc822eb231b4ffb9f4,2025-04-16,Fear,3088.0,1,166444.0,True,67.24137931034483,166444.0
0x4acb90e786d897ecffb614dc822eb231b4ffb9f4,2025-04-17,Fear,-110.0,6,28273.666666666668,False,67.24137931034483,169642.0
0x4acb90e786d897ecffb614dc822eb231b4ffb9f4,2025-04-21,Fear,-681.29819,23,30543.59565217391,False,67.24137931034483,702502.7
0x4acb90e786d897ecffb614dc822eb231b4ffb9f4,2025-04-22,Neutral,132.0,6,15215.498333333335,True,67.24137931034483,91292.99
0x4acb90e786d897ecffb614dc822eb231b4ffb9f4,2025-04-23,Greed,2875.230157,121,6709.732727272728,True,67.24137931034483,811877.66
0x4acb90e786d897ecffb614dc822eb231b4ffb9f4,2025-04-24,Greed,459.24741,23,4407.6721739130435,True,67.24137931034483,101376.46
0x4acb90e786d897ecffb614dc822eb231b4ffb9f4,2025-04-25,Greed,0.0,3,63142.666666666664,False,67.24137931034483,189428.0
0x4acb90e786d897ecffb614dc822eb231b4ffb9f4,2025-04-26,Greed,47.876234000000004,41,6897.073170731707,True,67.24137931034483,282780.0
0x4acb90e786d897ecffb614dc822eb231b4ffb9f4,2025-04-30,Greed,510.0,5,75258.0,True,67.24137931034483,376290.0
0x4f93fead39b70a1824f981a54d4e55b278e9f760,2024-03-13,Extreme Greed,0.0,7,857.2571428571428,False,60.43613707165109,6000.799999999999
0x4f93fead39b70a1824f981a54d4e55b278e9f760,2024-03-14,Extreme Greed,65.480454,1,6066.28,True,60.43613707165109,6066.28
0x4f93fead39b70a1824f981a54d4e55b278e9f760,2024-03-15,Extreme Greed,338.42832,8,3292.47625,True,60.43613707165109,26339.81
0x4f93fead39b70a1824f981a54d4e55b278e9f760,2024-03-16,Extreme Greed,228.57984,6,4537.276666666667,True,60.43613707165109,27223.66
0x4f93fead39b70a1824f981a54d4e55b278e9f760,2024-03-17,Extreme Greed,429.683075,14,6218.810714285714,True,60.43613707165109,87063.35
0x4f93fead39b70a1824f981a54d4e55b278e9f760,2024-03-18,Extreme Greed,0.0,12,2833.491666666667,False,60.43613707165109,34001.9
0x4f93fead39b70a1824f981a54d4e55b278e9f760,2024-03-19,Extreme Greed,0.0,4,2266.8775,False,60.43613707165109,9067.51
0x4f93fead39b70a1824f981a54d4e55b278e9f760,2024-03-21,Extreme Greed,0.0,1,9744.18,False,60.43613707165109,9744.18
0x4f93fead39b70a1824f981a54d4e55b278e9f760,2024-03-25,Extreme Greed,1302.916428,7,8159.4742857142855,True,60.43613707165109,57116.32
0x4f93fead39b70a1824f981a54d4e55b278e9f760,2024-03-26,Extreme Greed,20.599193,7,3426.62,True,60.43613707165109,23986.34
0x4f93fead39b70a1824f981a54d4e55b278e9f760,2024-03-27,Extreme Greed,189.192,27,3224.6703703703706,True,60.43613707165109,87066.1
0x4f93fead39b70a1824f981a54d4e55b278e9f760,2024-03-28,Extreme Greed,0.0,3,6671.296666666666,False,60.43613707165109,20013.89
0x4f93fead39b70a1824f981a54d4e55b278e9f760,2024-03-29,Extreme Greed,883.097404,15,5794.291333333333,True,60.43613707165109,86914.37
0x4f93fead39b70a1824f981a54d4e55b278e9f760,2024-03-31,Extreme Greed,912.786145,13,3070.2276923076925,True,60.43613707165109,39912.96
0x4f93fead39b70a1824f981a54d4e55b278e9f760,2024-04-01,Extreme Greed,0.840939,29,4654.808275862069,True,60.43613707165109,134989.44
0x4f93fead39b70a1824f981a54d4e55b278e9f760,2024-04-02,Extreme Greed,883.760812,37,6072.016756756757,True,60.43613707165109,224664.62
0x4f93fead39b70a1824f981a54d4e55b278e9f760,2024-04-04,Greed,0.0,32,2999.6165625,False,60.43613707165109,95987.73
0x4f93fead39b70a1824f981a54d4e55b278e9f760,2024-04-05,Extreme Greed,4444.4983010000005,10,17253.157,True,60.43613707165109,172531.56999999998
0x4f93fead39b70a1824f981a54d4e55b278e9f760,2024-04-06,Extreme Greed,236.33513399999998,16,4263.979375,True,60.43613707165109,68223.67
0x4f93fead39b70a1824f981a54d4e55b278e9f760,2024-04-07,Extreme Greed,0.0,23,2173.397391304348,False,60.43613707165109,49988.14
0x4f93fead39b70a1824f981a54d4e55b278e9f760,2024-04-08,Extreme Greed,0.0,28,5827.370357142857,False,60.43613707165109,163166.37
0x4f93fead39b70a1824f981a54d4e55b278e9f760,2024-04-09,Extreme Greed,0.0,3,19021.280000000002,False,60.43613707165109,57063.840000000004
0x4f93fead39b70a1824f981a54d4e55b278e9f760,2024-04-10,Extreme Greed,5207.443414,41,8578.926097560974,True,60.43613707165109,351735.97
0x4f93fead39b70a1824f981a54d4e55b278e9f760,2024-04-11,Extreme Greed,389.743164,16,4775.06,True,60.43613707165109,76400.96
0x4f93fead39b70a1824f981a54d4e55b278e9f760,2024-04-12,Extreme Greed,0.0,21,7138.52761904762,False,60.43613707165109,149909.08000000002
0x4f93fead39b70a1824f981a54d4e55b278e9f760,2024-04-13,Greed,0.0,18,8677.150000000001,False,60.43613707165109,156188.7
0x4f93fead39b70a1824f981a54d4e55b278e9f760,2024-04-14,Greed,-36565.98544,64,9199.4678125,False,60.43613707165109,588765.94
0x4f93fead39b70a1824f981a54d4e55b278e9f760,2024-04-15,Greed,0.0,3,16671.31666666667,False,60.43613707165109,50013.950000000004
0x4f93fead39b70a1824f981a54d4e55b278e9f760,2024-04-19,Greed,1946.4454620000001,35,9635.940571428573,True,60.43613707165109,337257.92000000004
0x4f93fead39b70a1824f981a54d4e55b278e9f760,2024-04-20,Greed,0.0,2,5999.795,False,60.43613707165109,11999.59
0x4f93fead39b70a1824f981a54d4e55b278e9f760,2024-04-22,Greed,0.0,9,5332.623333333333,False,60.43613707165109,47993.61
0x4f93fead39b70a1824f981a54d4e55b278e9f760,2024-04-23,Greed,759.2148159999999,54,3567.7494444444446,True,60.43613707165109,192658.47
0x4f93fead39b70a1824f981a54d4e55b278e9f760,2024-04-24,Greed,279.185907,20,7063.762,True,60.43613707165109,141275.24
0x4f93fead39b70a1824f981a54d4e55b278e9f760,2024-04-25,Greed,0.0,6,11496.523333333333,False,60.43613707165109,68979.14
0x4f93fead39b70a1824f981a54d4e55b278e9f760,2024-04-27,Greed,4281.488139,27,5713.498888888889,True,60.43613707165109,154264.47
0x4f93fead39b70a1824f981a54d4e55b278e9f760,2024-04-28,Greed,0.0,8,3374.92625,False,60.43613707165109,26999.41
0x4f93fead39b70a1824f981a54d4e55b278e9f760,2024-04-29,Greed,526.9338359999999,31,3370.167419354839,True,60.43613707165109,104475.19
0x4f93fead39b70a1824f981a54d4e55b278e9f760,2024-04-30,Greed,0.0,24,5209.114583333333,False,60.43613707165109,125018.75
0x4f93fead39b70a1824f981a54d4e55b278e9f760,2024-05-01,Neutral,0.0,14,6216.103571428571,False,60.43613707165109,87025.45
0x4f93fead39b70a1824f981a54d4e55b278e9f760,2024-05-03,Neutral,5319.861625,23,12059.708260869564,True,60.43613707165109,277373.29
0x4f93fead39b70a1824f981a54d4e55b278e9f760,2024-05-04,Greed,0.0,6,8999.890000000001,False,60.43613707165109,53999.340000000004
0x4f93fead39b70a1824f981a54d4e55b278e9f760,2024-05-05,Greed,0.0,4,5996.512500000001,False,60.43613707165109,23986.050000000003
0x4f93fead39b70a1824f981a54d4e55b278e9f760,2024-05-06,Greed,968.59038,9,22890.714444444442,True,60.43613707165109,206016.43
0x4f93fead39b70a1824f981a54d4e55b278e9f760,2024-05-07,Greed,656.21704,10,9890.126,True,60.43613707165109,98901.26000000001
0x4f93fead39b70a1824f981a54d4e55b278e9f760,2024-05-08,Greed,0.0,10,6583.419,False,60.43613707165109,65834.19
0x4f93fead39b70a1824f981a54d4e55b278e9f760,2024-05-09,Greed,1147.595856,25,8679.6232,True,60.43613707165109,216990.58
0x4f93fead39b70a1824f981a54d4e55b278e9f760,2024-05-10,Greed,2101.741695,22,7131.0,True,60.43613707165109,156882.0
0x4f93fead39b70a1824f981a54d4e55b278e9f760,2024-05-11,Neutral,251.604742,9,7027.661111111111,True,60.43613707165109,63248.95
0x4f93fead39b70a1824f981a54d4e55b278e9f760,2024-05-12,Greed,0.0,10,4500.464,False,60.43613707165109,45004.64
0x4f93fead39b70a1824f981a54d4e55b278e9f760,2024-05-13,Greed,2136.853859,25,7525.7636,True,60.43613707165109,188144.09
0x4f93fead39b70a1824f981a54d4e55b278e9f760,2024-05-14,Greed,1150.5233050000002,23,6341.452173913043,True,60.43613707165109,145853.4
0x4f93fead39b70a1824f981a54d4e55b278e9f760,2024-05-15,Greed,948.970582,36,6525.626944444444,True,60.43613707165109,234922.57
0x4f93fead39b70a1824f981a54d4e55b278e9f760,2024-05-16,Greed,214.5898,24,6615.870416666668,True,60.43613707165109,158780.89
0x4f93fead39b70a1824f981a54d4e55b278e9f760,2024-05-18,Greed,3522.3946610000003,25,5052.1256,True,60.43613707165109,126303.14
0x4f93fead39b70a1824f981a54d4e55b278e9f760,2024-05-19,Greed,0.0,8,3749.76125,False,60.43613707165109,29998.09
0x4f93fead39b70a1824f981a54d4e55b278e9f760,2024-05-20,Greed,0.0,7,4714.771428571429,False,60.43613707165109,33003.4
0x4f93fead39b70a1824f981a54d4e55b278e9f760,2024-05-21,Extreme Greed,6017.309216,53,9096.75358490566,True,60.43613707165109,482127.94
0x4f93fead39b70a1824f981a54d4e55b278e9f760,2024-05-22,Extreme Greed,0.0,6,7499.215,False,60.43613707165109,44995.29
0x4f93fead39b70a1824f981a54d4e55b278e9f760,2024-06-07,Extreme Greed,7329.223137999999,52,15114.859615384614,True,60.43613707165109,785972.7
0x4f93fead39b70a1824f981a54d4e55b278e9f760,2024-06-08,Greed,0.0,7,6428.95,False,60.43613707165109,45002.65
0x4f93fead39b70a1824f981a54d4e55b278e9f760,2024-06-09,Extreme Greed,0.0,5,4199.992,False,60.43613707165109,20999.96
0x4f93fead39b70a1824f981a54d4e55b278e9f760,2024-06-10,Greed,0.0,4,6000.075,False,60.43613707165109,24000.3
0x4f93fead39b70a1824f981a54d4e55b278e9f760,2024-06-11,Greed,0.0,21,13143.021904761907,False,60.43613707165109,276003.46
0x4f93fead39b70a1824f981a54d4e55b278e9f760,2024-06-14,Greed,0.0,16,6124.31,False,60.43613707165109,97988.96
0x4f93fead39b70a1824f981a54d4e55b278e9f760,2024-06-15,Greed,2084.433906,38,15581.516578947369,True,60.43613707165109,592097.63
0x4f93fead39b70a1824f981a54d4e55b278e9f760,2024-06-17,Greed,1268.7590360000002,14,18035.112857142856,True,60.43613707165109,252491.58
0x4f93fead39b70a1824f981a54d4e55b278e9f760,2024-06-18,Greed,0.0,7,8999.745714285715,False,60.43613707165109,62998.22
0x4f93fead39b70a1824f981a54d4e55b278e9f760,2024-06-19,Greed,2053.973644,17,11180.089411764706,True,60.43613707165109,190061.52
0x4f93fead39b70a1824f981a54d4e55b278e9f760,2024-06-20,Greed,0.0,4,7499.34,False,60.43613707165109,29997.36
0x4f93fead39b70a1824f981a54d4e55b278e9f760,2024-06-21,Greed,773.5582039999999,11,6746.9345454545455,True,60.43613707165109,74216.28
0x4f93fead39b70a1824f981a54d4e55b278e9f760,2024-06-22,Neutral,0.0,3,6000.07,False,60.43613707165109,18000.21
0x4f93fead39b70a1824f981a54d4e55b278e9f760,2024-06-24,Neutral,0.0,21,12000.350952380952,False,60.43613707165109,252007.37
0x4f93fead39b70a1824f981a54d4e55b278e9f760,2024-06-26,Neutral,4197.732182,31,11748.220645161291,True,60.43613707165109,364194.84
0x4f93fead39b70a1824f981a54d4e55b278e9f760,2024-06-27,Fear,0.0,12,9999.173333333334,False,60.43613707165109,119990.08
0x4f93fead39b70a1824f981a54d4e55b278e9f760,2024-06-29,Fear,1842.738325,17,13148.880588235294,True,60.43613707165109,223530.97
0x4f93fead39b70a1824f981a54d4e55b278e9f760,2024-06-30,Neutral,0.0,3,9999.756666666666,False,60.43613707165109,29999.27
0x4f93fead39b70a1824f981a54d4e55b278e9f760,2024-07-01,Neutral,1202.488212,13,7476.965384615385,True,60.43613707165109,97200.55
0x4f93fead39b70a1824f981a54d4e55b278e9f760,2024-07-03,Neutral,1118.387284,10,10388.008,True,60.43613707165109,103880.08
0x4f93fead39b70a1824f981a54d4e55b278e9f760,2024-07-04,Fear,0.0,14,18215.87285714286,False,60.43613707165109,255022.22
0x4f93fead39b70a1824f981a54d4e55b278e9f760,2024-07-05,Fear,0.0,20,13514.937,False,60.43613707165109,270298.74
0x4f93fead39b70a1824f981a54d4e55b278e9f760,2024-07-10,Fear,11595.627026,43,15625.97930232558,True,60.43613707165109,671917.11
0x4f93fead39b70a1824f981a54d4e55b278e9f760,2024-07-11,Fear,1876.812082,19,8941.422105263156,True,60.43613707165109,169887.02
0x4f93fead39b70a1824f981a54d4e55b278e9f760,2024-07-12,Fear,0.0,10,7600.664999999999,False,60.43613707165109,76006.65
0x4f93fead39b70a1824f981a54d4e55b278e9f760,2024-07-13,Fear,2678.839374,13,10668.462307692309,True,60.43613707165109,138690.01
0x4f93fead39b70a1824f981a54d4e55b278e9f760,2024-07-14,Fear,0.0,7,12000.16142857143,False,60.43613707165109,84001.13
0x4f93fead39b70a1824f981a54d4e55b278e9f760,2024-07-15,Neutral,0.0,21,7999.7071428571435,False,60.43613707165109,167993.85
0x4f93fead39b70a1824f981a54d4e55b278e9f760,2024-07-16,Greed,0.0,22,6545.480454545454,False,60.43613707165109,144000.57
0x4f93fead39b70a1824f981a54d4e55b278e9f760,2024-07-17,Greed,0.0,9,18326.035555555558,False,60.43613707165109,164934.32
0x4f93fead39b70a1824f981a54d4e55b278e9f760,2024-07-18,Greed,2569.979964,53,12119.926603773585,True,60.43613707165109,642356.11
0x4f93fead39b70a1824f981a54d4e55b278e9f760,2024-07-19,Greed,2120.091364,16,9132.66875,True,60.43613707165109,146122.7
0x4f93fead39b70a1824f981a54d4e55b278e9f760,2024-07-20,Greed,129.66130099999998,9,11097.74111111111,True,60.43613707165109,99879.67
0x4f93fead39b70a1824f981a54d4e55b278e9f760,2024-07-21,Greed,0.0,3,14665.06,False,60.43613707165109,43995.18
0x4f93fead39b70a1824f981a54d4e55b278e9f760,2024-07-22,Greed,2273.29301,21,10728.97,True,60.43613707165109,225308.37
0x4f93fead39b70a1824f981a54d4e55b278e9f760,2024-07-23,Greed,0.0,2,11997.235,False,60.43613707165109,23994.47
0x4f93fead39b70a1824f981a54d4e55b278e9f760,2024-07-24,Greed,0.0,21,1333.8833333333332,False,60.43613707165109,28011.55
0x4f93fead39b70a1824f981a54d4e55b278e9f760,2024-07-25,Greed,0.0,65,7990.4683076923075,False,60.43613707165109,519380.44
0x4f93fead39b70a1824f981a54d4e55b278e9f760,2024-07-26,Greed,0.0,10,15000.965,False,60.43613707165109,150009.65
0x4f93fead39b70a1824f981a54d4e55b278e9f760,2024-07-27,Greed,6400.623656,52,17322.249807692308,True,60.43613707165109,900756.99
0x4f93fead39b70a1824f981a54d4e55b278e9f760,2024-07-28,Greed,0.0,3,10666.563333333334,False,60.43613707165109,31999.690000000002
0x4f93fead39b70a1824f981a54d4e55b278e9f760,2024-07-30,Greed,0.0,6,6001.078333333334,False,60.43613707165109,36006.47
0x4f93fead39b70a1824f981a54d4e55b278e9f760,2024-07-31,Greed,0.0,3,13335.046666666667,False,60.43613707165109,40005.14
0x4f93fead39b70a1824f981a54d4e55b278e9f760,2024-08-01,Neutral,0.0,13,11076.539230769231,False,60.43613707165109,143995.01
0x4f93fead39b70a1824f981a54d4e55b278e9f760,2024-08-02,Greed,0.0,36,8221.31,False,60.43613707165109,295967.16
0x4f93fead39b70a1824f981a54d4e55b278e9f760,2024-08-03,Fear,0.0,13,8652.23,False,60.43613707165109,112478.98999999999
0x4f93fead39b70a1824f981a54d4e55b278e9f760,2024-08-04,Fear,-108604.496278,72,12521.542916666665,False,60.43613707165109,901551.09
0x4f93fead39b70a1824f981a54d4e55b278e9f760,2024-08-05,Fear,-4779.219012,17,12572.832941176472,False,60.43613707165109,213738.16
0x4f93fead39b70a1824f981a54d4e55b278e9f760,2024-08-09,Neutral,11147.900554,12,11003.166666666666,True,60.43613707165109,132038.0
0x4f93fead39b70a1824f981a54d4e55b278e9f760,2024-08-11,Fear,847.7766200000001,8,5104.981250000001,True,60.43613707165109,40839.850000000006
0x4f93fead39b70a1824f981a54d4e55b278e9f760,2024-08-12,Fear,858.6705000000001,16,2758.775,True,60.43613707165109,44140.4
0x4f93fead39b70a1824f981a54d4e55b278e9f760,2024-08-13,Fear,0.0,5,2500.02,False,60.43613707165109,12500.1
0x4f93fead39b70a1824f981a54d4e55b278e9f760,2024-08-14,Fear,2168.9015130000003,9,7185.148888888889,True,60.43613707165109,64666.34
0x4f93fead39b70a1824f981a54d4e55b278e9f760,2024-08-16,Fear,0.0,2,6250.0650000000005,False,60.43613707165109,12500.130000000001
0x4f93fead39b70a1824f981a54d4e55b278e9f760,2024-08-18,Fear,307.201888,14,4486.033571428571,True,60.43613707165109,62804.47
0x4f93fead39b70a1824f981a54d4e55b278e9f760,2024-08-20,Fear,192.602844,8,5302.23375,True,60.43613707165109,42417.87
0x4f93fead39b70a1824f981a54d4e55b278e9f760,2024-08-23,Fear,1005.30527,10,6350.956,True,60.43613707165109,63509.56
0x4f93fead39b70a1824f981a54d4e55b278e9f760,2024-08-24,Greed,0.0,2,7500.035,False,60.43613707165109,15000.07
0x4f93fead39b70a1824f981a54d4e55b278e9f760,2024-08-25,Neutral,0.0,4,3749.0825,False,60.43613707165109,14996.33
0x4f93fead39b70a1824f981a54d4e55b278e9f760,2024-08-26,Greed,231.236918,5,18452.704,True,60.43613707165109,92263.52
0x4f93fead39b70a1824f981a54d4e55b278e9f760,2024-08-27,Neutral,0.0,7,9286.455714285714,False,60.43613707165109,65005.19
0x4f93fead39b70a1824f981a54d4e55b278e9f760,2024-08-28,Fear,0.0,7,6784.937142857142,False,60.43613707165109,47494.56
0x4f93fead39b70a1824f981a54d4e55b278e9f760,2024-08-30,Fear,0.0,3,9164.183333333334,False,60.43613707165109,27492.550000000003
0x4f93fead39b70a1824f981a54d4e55b278e9f760,2024-09-02,Fear,0.0,2,15000.21,False,60.43613707165109,30000.42
0x4f93fead39b70a1824f981a54d4e55b278e9f760,2024-09-04,Fear,0.0,1,35004.98,False,60.43613707165109,35004.98
0x4f93fead39b70a1824f981a54d4e55b278e9f760,2024-09-06,Extreme Fear,0.0,4,8747.6675,False,60.43613707165109,34990.67
0x4f93fead39b70a1824f981a54d4e55b278e9f760,2024-09-20,Neutral,9585.03428,12,25380.9675,True,60.43613707165109,304571.61
0x4f93fead39b70a1824f981a54d4e55b278e9f760,2024-09-22,Neutral,0.0,3,6666.579999999999,False,60.43613707165109,19999.739999999998
0x4f93fead39b70a1824f981a54d4e55b278e9f760,2024-09-23,Neutral,334.760796,2,20167.145,True,60.43613707165109,40334.29
0x4f93fead39b70a1824f981a54d4e55b278e9f760,2024-09-25,Greed,0.0,6,8333.518333333333,False,60.43613707165109,50001.11
0x4f93fead39b70a1824f981a54d4e55b278e9f760,2024-09-26,Neutral,439.812513,3,26813.47333333333,True,60.43613707165109,80440.42
0x4f93fead39b70a1824f981a54d4e55b278e9f760,2024-09-27,Greed,0.0,10,9999.232,False,60.43613707165109,99992.31999999999
0x4f93fead39b70a1824f981a54d4e55b278e9f760,2024-09-30,Greed,2710.626288,10,17728.09,True,60.43613707165109,177280.9
0x4f93fead39b70a1824f981a54d4e55b278e9f760,2024-10-01,Neutral,0.0,4,34988.58,False,60.43613707165109,139954.32
0x4f93fead39b70a1824f981a54d4e55b278e9f760,2024-10-02,Fear,0.0,4,24988.585,False,60.43613707165109,99954.34
0x4f93fead39b70a1824f981a54d4e55b278e9f760,2024-10-03,Fear,0.0,4,30002.25,False,60.43613707165109,120009.0
0x4f93fead39b70a1824f981a54d4e55b278e9f760,2024-10-05,Neutral,5767.161892,36,16822.36472222222,True,60.43613707165109,605605.13
0x4f93fead39b70a1824f981a54d4e55b278e9f760,2024-10-06,Neutral,130.487079,22,13642.298181818182,True,60.43613707165109,300130.56
0x4f93fead39b70a1824f981a54d4e55b278e9f760,2024-10-07,Neutral,0.0,21,10475.459523809524,False,60.43613707165109,219984.65
0x4f93fead39b70a1824f981a54d4e55b278e9f760,2024-10-08,Neutral,5396.546638,35,12416.672857142858,True,60.43613707165109,434583.55
0x4f93fead39b70a1824f981a54d4e55b278e9f760,2024-10-09,Neutral,396.06272,14,15742.852142857142,True,60.43613707165109,220399.93
0x4f93fead39b70a1824f981a54d4e55b278e9f760,2024-10-10,Fear,0.0,16,18751.521249999998,False,60.43613707165109,300024.33999999997
0x4f93fead39b70a1824f981a54d4e55b278e9f760,2024-10-11,Fear,8885.327477,25,19556.1384,True,60.43613707165109,488903.45999999996
0x4f93fead39b70a1824f981a54d4e55b278e9f760,2024-10-12,Neutral,541.55471,10,15971.34,True,60.43613707165109,159713.4
0x4f93fead39b70a1824f981a54d4e55b278e9f760,2024-10-13,Neutral,0.0,10,6000.242,False,60.43613707165109,60002.42
0x4f93fead39b70a1824f981a54d4e55b278e9f760,2024-10-14,Neutral,1913.61958,5,12383.204000000002,True,60.43613707165109,61916.020000000004
0x4f93fead39b70a1824f981a54d4e55b278e9f760,2024-10-15,Greed,1170.2260760000001,7,11596.194285714286,True,60.43613707165109,81173.36
0x4f93fead39b70a1824f981a54d4e55b278e9f760,2024-10-16,Greed,219.480876,11,7293.560909090909,True,60.43613707165109,80229.17
0x4f93fead39b70a1824f981a54d4e55b278e9f760,2024-10-17,Greed,36.11496,8,17504.00375,True,60.43613707165109,140032.03
0x4f93fead39b70a1824f981a54d4e55b278e9f760,2024-10-18,Greed,333.219141,6,20055.238333333335,True,60.43613707165109,120331.43000000001
0x4f93fead39b70a1824f981a54d4e55b278e9f760,2024-10-19,Greed,0.0,4,24999.215,False,60.43613707165109,99996.86
0x4f93fead39b70a1824f981a54d4e55b278e9f760,2024-10-20,Greed,229.060526,6,20037.618333333336,True,60.43613707165109,120225.71
0x4f93fead39b70a1824f981a54d4e55b278e9f760,2024-10-21,Greed,0.0,11,13638.561818181817,False,60.43613707165109,150024.18
0x4f93fead39b70a1824f981a54d4e55b278e9f760,2024-10-22,Greed,0.0,3,20000.12,False,60.43613707165109,60000.36
0x4f93fead39b70a1824f981a54d4e55b278e9f760,2024-10-23,Greed,-46.489941,18,11667.003888888888,False,60.43613707165109,210006.07
0x4f93fead39b70a1824f981a54d4e55b278e9f760,2024-10-25,Greed,4543.862071,25,16183.4872,True,60.43613707165109,404587.18
0x4f93fead39b70a1824f981a54d4e55b278e9f760,2024-10-27,Greed,666.6623079999999,4,22666.1025,True,60.43613707165109,90664.41
0x4f93fead39b70a1824f981a54d4e55b278e9f760,2024-10-28,Greed,0.0,9,13332.702222222222,False,60.43613707165109,119994.32
0x4f93fead39b70a1824f981a54d4e55b278e9f760,2024-10-29,Greed,0.0,37,16285.80864864865,False,60.43613707165109,602574.92
0x4f93fead39b70a1824f981a54d4e55b278e9f760,2024-10-31,Extreme Greed,765.475192,28,30487.215,True,60.43613707165109,853642.02
0x4f93fead39b70a1824f981a54d4e55b278e9f760,2024-11-01,Extreme Greed,1040.5747959999999,9,25670.122222222224,True,60.43613707165109,231031.1
0x4f93fead39b70a1824f981a54d4e55b278e9f760,2024-11-02,Greed,0.0,2,20000.0,False,60.43613707165109,40000.0
0x4f93fead39b70a1824f981a54d4e55b278e9f760,2024-11-03,Greed,0.0,4,27498.585,False,60.43613707165109,109994.34
0x4f93fead39b70a1824f981a54d4e55b278e9f760,2024-11-04,Greed,2259.351364,26,16623.486153846156,True,60.43613707165109,432210.64
0x4f93fead39b70a1824f981a54d4e55b278e9f760,2024-11-05,Greed,678.4759280000001,10,20062.723,True,60.43613707165109,200627.23
0x4f93fead39b70a1824f981a54d4e55b278e9f760,2024-11-06,Greed,2821.24842,12,10158.865,True,60.43613707165109,121906.38
0x4f93fead39b70a1824f981a54d4e55b278e9f760,2024-11-07,Extreme Greed,628.96246,2,30314.425,True,60.43613707165109,60628.85
0x4f93fead39b70a1824f981a54d4e55b278e9f760,2024-11-08,Extreme Greed,646.3734049999999,24,10026.734583333333,True,60.43613707165109,240641.63
0x4f93fead39b70a1824f981a54d4e55b278e9f760,2024-11-09,Extreme Greed,0.0,9,16666.712222222224,False,60.43613707165109,150000.41
0x4f93fead39b70a1824f981a54d4e55b278e9f760,2024-11-10,Extreme Greed,548.36595,8,22568.36875,True,60.43613707165109,180546.95
0x4f93fead39b70a1824f981a54d4e55b278e9f760,2024-11-11,Extreme Greed,1479.677222,20,16571.107,True,60.43613707165109,331422.14
0x4f93fead39b70a1824f981a54d4e55b278e9f760,2024-11-12,Extreme Greed,2053.119744,74,14354.293783783784,True,60.43613707165109,1062217.74
0x4f93fead39b70a1824f981a54d4e55b278e9f760,2024-11-13,Extreme Greed,7680.907897,25,19512.4728,True,60.43613707165109,487811.82
0x4f93fead39b70a1824f981a54d4e55b278e9f760,2024-11-14,Extreme Greed,2348.106228,41,21522.69975609756,True,60.43613707165109,882430.6900000001
0x4f93fead39b70a1824f981a54d4e55b278e9f760,2024-11-15,Extreme Greed,2003.536586,79,17219.896202531647,True,60.43613707165109,1360371.8
0x4f93fead39b70a1824f981a54d4e55b278e9f760,2024-11-16,Extreme Greed,255.14686999999998,12,18322.8475,True,60.43613707165109,219874.16999999998
0x4f93fead39b70a1824f981a54d4e55b278e9f760,2024-11-17,Extreme Greed,546.624374,26,23861.476153846153,True,60.43613707165109,620398.38
0x4f93fead39b70a1824f981a54d4e55b278e9f760,2024-11-18,Extreme Greed,3158.176614,35,26917.316857142858,True,60.43613707165109,942106.09
0x4f93fead39b70a1824f981a54d4e55b278e9f760,2024-11-19,Extreme Greed,1573.210981,30,10658.076000000001,True,60.43613707165109,319742.28
0x4f93fead39b70a1824f981a54d4e55b278e9f760,2024-11-20,Extreme Greed,2259.775633,33,25402.638787878786,True,60.43613707165109,838287.08
0x4f93fead39b70a1824f981a54d4e55b278e9f760,2024-11-21,Extreme Greed,909.745283,9,17786.91,True,60.43613707165109,160082.19
0x4f93fead39b70a1824f981a54d4e55b278e9f760,2024-11-22,Extreme Greed,1825.01255,18,16769.490555555556,True,60.43613707165109,301850.83
0x4f93fead39b70a1824f981a54d4e55b278e9f760,2024-11-23,Extreme Greed,0.0,9,6667.414444444444,False,60.43613707165109,60006.729999999996
0x4f93fead39b70a1824f981a54d4e55b278e9f760,2024-11-24,Extreme Greed,445.338356,33,15770.984848484848,True,60.43613707165109,520442.5
0x4f93fead39b70a1824f981a54d4e55b278e9f760,2024-11-25,Extreme Greed,5059.459732,30,28814.273999999998,True,60.43613707165109,864428.22
0x4f93fead39b70a1824f981a54d4e55b278e9f760,2024-11-26,Extreme Greed,0.0,22,19319.39181818182,False,60.43613707165109,425026.62
0x4f93fead39b70a1824f981a54d4e55b278e9f760,2024-11-27,Extreme Greed,-2848.159792,44,28557.08818181818,False,60.43613707165109,1256511.88
0x4f93fead39b70a1824f981a54d4e55b278e9f760,2024-11-28,Extreme Greed,1174.315571,12,28232.108333333334,True,60.43613707165109,338785.3
0x4f93fead39b70a1824f981a54d4e55b278e9f760,2024-11-29,Extreme Greed,610.52512,7,25798.085714285717,True,60.43613707165109,180586.6
0x4f93fead39b70a1824f981a54d4e55b278e9f760,2024-11-30,Extreme Greed,850.54514,12,19926.774999999998,True,60.43613707165109,239121.3
0x4f93fead39b70a1824f981a54d4e55b278e9f760,2024-12-01,Extreme Greed,337.835516,27,22229.845925925925,True,60.43613707165109,600205.84
0x4f93fead39b70a1824f981a54d4e55b278e9f760,2024-12-02,Extreme Greed,754.7378,17,17691.249411764704,True,60.43613707165109,300751.24
0x4f93fead39b70a1824f981a54d4e55b278e9f760,2024-12-03,Extreme Greed,1467.1002210000001,9,31374.63555555556,True,60.43613707165109,282371.72000000003
0x4f93fead39b70a1824f981a54d4e55b278e9f760,2024-12-04,Extreme Greed,291.35271,13,20080.955384615383,True,60.43613707165109,261052.41999999998
0x4f93fead39b70a1824f981a54d4e55b278e9f760,2024-12-05,Extreme Greed,1435.68724,19,40074.16368421053,True,60.43613707165109,761409.11
0x4f93fead39b70a1824f981a54d4e55b278e9f760,2024-12-06,Greed,7206.315268,59,25128.245762711864,True,60.43613707165109,1482566.5
0x4f93fead39b70a1824f981a54d4e55b278e9f760,2024-12-07,Extreme Greed,2342.996384,4,49620.3625,True,60.43613707165109,198481.45
0x4f93fead39b70a1824f981a54d4e55b278e9f760,2024-12-08,Extreme Greed,0.0,7,8570.51857142857,False,60.43613707165109,59993.63
0x4f93fead39b70a1824f981a54d4e55b278e9f760,2024-12-09,Extreme Greed,2350.499742,17,21156.991764705883,True,60.43613707165109,359668.86
0x4f93fead39b70a1824f981a54d4e55b278e9f760,2024-12-10,Extreme Greed,3986.312514,36,19470.586944444443,True,60.43613707165109,700941.13
0x4f93fead39b70a1824f981a54d4e55b278e9f760,2024-12-11,Greed,1083.777057,30,23331.314333333332,True,60.43613707165109,699939.4299999999
0x4f93fead39b70a1824f981a54d4e55b278e9f760,2024-12-12,Extreme Greed,0.0,31,12254.174838709678,False,60.43613707165109,379879.42
0x4f93fead39b70a1824f981a54d4e55b278e9f760,2024-12-13,Extreme Greed,6790.274613,49,20715.92551020408,True,60.43613707165109,1015080.35
0x4f93fead39b70a1824f981a54d4e55b278e9f760,2024-12-14,Extreme Greed,570.1898180000001,19,10507.837368421053,True,60.43613707165109,199648.91
0x4f93fead39b70a1824f981a54d4e55b278e9f760,2024-12-15,Extreme Greed,263.914304,21,14297.049523809523,True,60.43613707165109,300238.04
0x4f93fead39b70a1824f981a54d4e55b278e9f760,2024-12-16,Extreme Greed,0.0,27,32579.84037037037,False,60.43613707165109,879655.69
0x4f93fead39b70a1824f981a54d4e55b278e9f760,2024-12-17,Extreme Greed,0.0,12,14999.839166666667,False,60.43613707165109,179998.07
0x4f93fead39b70a1824f981a54d4e55b278e9f760,2024-12-18,Extreme Greed,-4627.220257,62,28169.055161290322,False,60.43613707165109,1746481.42
0x4f93fead39b70a1824f981a54d4e55b278e9f760,2024-12-19,Extreme Greed,1582.2032900000002,53,17374.649433962266,True,60.43613707165109,920856.42
0x4f93fead39b70a1824f981a54d4e55b278e9f760,2024-12-20,Greed,0.0,6,37047.935,False,60.43613707165109,222287.61
0x4f93fead39b70a1824f981a54d4e55b278e9f760,2024-12-21,Greed,1367.500173,50,20223.721400000002,True,60.43613707165109,1011186.0700000001
0x4f93fead39b70a1824f981a54d4e55b278e9f760,2024-12-22,Greed,0.0,3,43336.74,False,60.43613707165109,130010.22
0x4f93fead39b70a1824f981a54d4e55b278e9f760,2024-12-23,Greed,0.0,16,21196.97,False,60.43613707165109,339151.52
0x4f93fead39b70a1824f981a54d4e55b278e9f760,2024-12-24,Greed,2081.2674110000003,32,29259.798125,True,60.43613707165109,936313.54
0x4f93fead39b70a1824f981a54d4e55b278e9f760,2024-12-25,Greed,0.0,3,23333.069999999996,False,60.43613707165109,69999.20999999999
0x4f93fead39b70a1824f981a54d4e55b278e9f760,2024-12-26,Extreme Greed,7617.597338,21,21067.338571428572,True,60.43613707165109,442414.11
0x4f93fead39b70a1824f981a54d4e55b278e9f760,2024-12-27,Greed,0.0,18,3890.9755555555553,False,60.43613707165109,70037.56
0x4f93fead39b70a1824f981a54d4e55b278e9f760,2024-12-28,Greed,16.972942,6,18342.231666666667,True,60.43613707165109,110053.39
0x4f93fead39b70a1824f981a54d4e55b278e9f760,2024-12-29,Greed,390.062046,14,5685.322142857142,True,60.43613707165109,79594.51
0x4f93fead39b70a1824f981a54d4e55b278e9f760,2024-12-30,Greed,4235.298688000001,22,25644.989545454548,True,60.43613707165109,564189.77
0x4f93fead39b70a1824f981a54d4e55b278e9f760,2024-12-31,Greed,2301.21954,47,10472.761489361701,True,60.43613707165109,492219.79
0x4f93fead39b70a1824f981a54d4e55b278e9f760,2025-01-01,Greed,0.0,1,49999.51,False,60.43613707165109,49999.51
0x4f93fead39b70a1824f981a54d4e55b278e9f760,2025-01-02,Greed,2399.9471460000004,19,19582.443684210524,True,60.43613707165109,372066.43
0x4f93fead39b70a1824f981a54d4e55b278e9f760,2025-01-03,Greed,3084.287743,48,9644.217708333334,True,60.43613707165109,462922.45
0x4f93fead39b70a1824f981a54d4e55b278e9f760,2025-01-04,Greed,0.0,14,7142.837142857143,False,60.43613707165109,99999.72
0x4f93fead39b70a1824f981a54d4e55b278e9f760,2025-01-05,Greed,890.33157,19,19427.31105263158,True,60.43613707165109,369118.91000000003
0x4f93fead39b70a1824f981a54d4e55b278e9f760,2025-01-06,Extreme Greed,3575.442423,32,10735.9740625,True,60.43613707165109,343551.17
0x4f93fead39b70a1824f981a54d4e55b278e9f760,2025-01-07,Extreme Greed,0.0,39,12147.022564102565,False,60.43613707165109,473733.88
0x4f93fead39b70a1824f981a54d4e55b278e9f760,2025-01-08,Greed,0.0,16,19291.1175,False,60.43613707165109,308657.88
0x4f93fead39b70a1824f981a54d4e55b278e9f760,2025-01-10,Neutral,-36229.641811,219,26918.19479452055,False,60.43613707165109,5895084.66
0x4f93fead39b70a1824f981a54d4e55b278e9f760,2025-01-11,Greed,1559.841529,76,20461.92407894737,True,60.43613707165109,1555106.23
0x4f93fead39b70a1824f981a54d4e55b278e9f760,2025-01-12,Greed,736.621517,75,24737.227600000002,True,60.43613707165109,1855292.07
0x4f93fead39b70a1824f981a54d4e55b278e9f760,2025-01-13,Greed,1756.982034,97,24201.82237113402,True,60.43613707165109,2347576.77
0x4f93fead39b70a1824f981a54d4e55b278e9f760,2025-01-14,Greed,1878.804638,42,15041.543095238096,True,60.43613707165109,631744.81
0x4f93fead39b70a1824f981a54d4e55b278e9f760,2025-01-15,Greed,7470.003118,73,21394.826301369863,True,60.43613707165109,1561822.32
0x4f93fead39b70a1824f981a54d4e55b278e9f760,2025-01-16,Extreme Greed,5170.4237570000005,100,27260.669100000003,True,60.43613707165109,2726066.91
0x4f93fead39b70a1824f981a54d4e55b278e9f760,2025-01-17,Extreme Greed,811.1445319999999,21,30510.78523809524,True,60.43613707165109,640726.49
0x4f93fead39b70a1824f981a54d4e55b278e9f760,2025-01-18,Extreme Greed,4078.848863,58,32431.74827586207,True,60.43613707165109,1881041.4000000001
0x4f93fead39b70a1824f981a54d4e55b278e9f760,2025-01-19,Extreme Greed,3253.260003,88,25180.392613636363,True,60.43613707165109,2215874.55
0x4f93fead39b70a1824f981a54d4e55b278e9f760,2025-01-20,Extreme Greed,7466.841136,194,29887.263092783505,True,60.43613707165109,5798129.04
0x4f93fead39b70a1824f981a54d4e55b278e9f760,2025-01-21,Extreme Greed,2953.3108039999997,92,14189.073260869565,True,60.43613707165109,1305394.74
0x4f93fead39b70a1824f981a54d4e55b278e9f760,2025-01-22,Extreme Greed,2971.896355,61,17456.443770491805,True,60.43613707165109,1064843.07
0x4f93fead39b70a1824f981a54d4e55b278e9f760,2025-01-23,Extreme Greed,6749.1349199999995,82,17999.84780487805,True,60.43613707165109,1475987.52
0x4f93fead39b70a1824f981a54d4e55b278e9f760,2025-01-24,Extreme Greed,1707.06994,42,14664.804285714286,True,60.43613707165109,615921.78
0x4f93fead39b70a1824f981a54d4e55b278e9f760,2025-01-25,Extreme Greed,446.44485399999996,18,22485.88888888889,True,60.43613707165109,404746.0
0x4f93fead39b70a1824f981a54d4e55b278e9f760,2025-01-27,Greed,0.0,15,33170.452666666664,False,60.43613707165109,497556.79
0x4f93fead39b70a1824f981a54d4e55b278e9f760,2025-01-30,Greed,3278.847724,75,21280.349733333333,True,60.43613707165109,1596026.23
0x4f93fead39b70a1824f981a54d4e55b278e9f760,2025-01-31,Extreme Greed,975.654751,59,13735.521525423728,True,60.43613707165109,810395.77
0x4f93fead39b70a1824f981a54d4e55b278e9f760,2025-02-01,Greed,0.0,4,22500.69,False,60.43613707165109,90002.76
0x4f93fead39b70a1824f981a54d4e55b278e9f760,2025-02-02,Greed,0.0,30,25418.461333333333,False,60.43613707165109,762553.84
0x4f93fead39b70a1824f981a54d4e55b278e9f760,2025-02-04,Greed,6403.5061239999995,9,95439.94666666667,True,60.43613707165109,858959.52
0x4f93fead39b70a1824f981a54d4e55b278e9f760,2025-02-05,Neutral,0.0,9,16663.026666666665,False,60.43613707165109,149967.24
0x4f93fead39b70a1824f981a54d4e55b278e9f760,2025-02-06,Neutral,440.753133,10,30041.394,True,60.43613707165109,300413.94
0x4f93fead39b70a1824f981a54d4e55b278e9f760,2025-02-07,Fear,3691.30885,27,19508.291481481483,True,60.43613707165109,526723.87
0x4f93fead39b70a1824f981a54d4e55b278e9f760,2025-02-08,Fear,0.0,8,22498.25125,False,60.43613707165109,179986.01
0x4f93fead39b70a1824f981a54d4e55b278e9f760,2025-02-09,Neutral,866.203569,3,90292.82333333335,True,60.43613707165109,270878.47000000003
0x4f93fead39b70a1824f981a54d4e55b278e9f760,2025-02-10,Fear,2069.55836,84,14470.832976190475,True,60.43613707165109,1215549.97
0x4f93fead39b70a1824f981a54d4e55b278e9f760,2025-02-11,Neutral,1353.604398,56,12581.13017857143,True,60.43613707165109,704543.29
0x4f93fead39b70a1824f981a54d4e55b278e9f760,2025-02-12,Neutral,5212.729861,84,14802.268214285714,True,60.43613707165109,1243390.53
0x4f93fead39b70a1824f981a54d4e55b278e9f760,2025-02-13,Neutral,2205.413149,23,17512.87652173913,True,60.43613707165109,402796.16
0x4f93fead39b70a1824f981a54d4e55b278e9f760,2025-02-14,Neutral,2678.115601,58,19911.15103448276,True,60.43613707165109,1154846.76
0x4f93fead39b70a1824f981a54d4e55b278e9f760,2025-02-15,Neutral,3884.0032459999998,21,22683.889523809525,True,60.43613707165109,476361.68
0x4f93fead39b70a1824f981a54d4e55b278e9f760,2025-02-16,Neutral,314.96786,25,14405.7528,True,60.43613707165109,360143.82
0x4f93fead39b70a1824f981a54d4e55b278e9f760,2025-02-17,Neutral,1204.110761,42,12833.438095238096,True,60.43613707165109,539004.4
0x4f93fead39b70a1824f981a54d4e55b278e9f760,2025-02-18,Neutral,1670.219701,44,13191.782954545453,True,60.43613707165109,580438.45
0x4f93fead39b70a1824f981a54d4e55b278e9f760,2025-02-19,Fear,3512.2119079999998,58,16248.182068965516,True,60.43613707165109,942394.5599999999
0x4f93fead39b70a1824f981a54d4e55b278e9f760,2025-02-20,Neutral,1829.292797,90,17114.072111111112,True,60.43613707165109,1540266.49
0x4f93fead39b70a1824f981a54d4e55b278e9f760,2025-02-21,Greed,5993.575314,76,17026.42842105263,True,60.43613707165109,1294008.56
0x4f93fead39b70a1824f981a54d4e55b278e9f760,2025-02-22,Neutral,1287.143384,91,16717.653406593407,True,60.43613707165109,1521306.46
0x4f93fead39b70a1824f981a54d4e55b278e9f760,2025-02-23,Neutral,109.68322,31,9029.90806451613,True,60.43613707165109,279927.15
0x4f93fead39b70a1824f981a54d4e55b278e9f760,2025-02-24,Neutral,1925.839355,17,27169.443529411765,True,60.43613707165109,461880.54
0x4f93fead39b70a1824f981a54d4e55b278e9f760,2025-02-25,Fear,0.0,51,19559.930980392157,False,60.43613707165109,997556.48
0x4f93fead39b70a1824f981a54d4e55b278e9f760,2025-03-02,Fear,11005.991600000001,26,43406.429615384615,True,60.43613707165109,1128567.17
0x4f93fead39b70a1824f981a54d4e55b278e9f760,2025-03-03,Fear,1136.272279,12,26764.120833333334,True,60.43613707165109,321169.45
0x4f93fead39b70a1824f981a54d4e55b278e9f760,2025-03-04,Extreme Fear,8002.939313,59,25872.653898305085,True,60.43613707165109,1526486.58
0x4f93fead39b70a1824f981a54d4e55b278e9f760,2025-03-05,Extreme Fear,2741.101375,54,28870.43833333333,True,60.43613707165109,1559003.67
0x4f93fead39b70a1824f981a54d4e55b278e9f760,2025-03-06,Fear,3069.196282,37,17383.593783783785,True,60.43613707165109,643192.97
0x4f93fead39b70a1824f981a54d4e55b278e9f760,2025-03-07,Fear,3273.5394420000002,22,10090.28,True,60.43613707165109,221986.16
0x4f93fead39b70a1824f981a54d4e55b278e9f760,2025-03-08,Fear,0.0,17,7059.288823529412,False,60.43613707165109,120007.91
0x4f93fead39b70a1824f981a54d4e55b278e9f760,2025-03-09,Fear,0.0,11,38167.586363636365,False,60.43613707165109,419843.45
0x4f93fead39b70a1824f981a54d4e55b278e9f760,2025-03-10,Extreme Fear,14133.265684,103,25248.4113592233,True,60.43613707165109,2600586.37
0x4f93fead39b70a1824f981a54d4e55b278e9f760,2025-03-11,Extreme Fear,2479.265806,33,31854.999696969695,True,60.43613707165109,1051214.99
0x4f93fead39b70a1824f981a54d4e55b278e9f760,2025-03-12,Fear,0.0,10,17999.379,False,60.43613707165109,179993.79
0x4f93fead39b70a1824f981a54d4e55b278e9f760,2025-03-13,Neutral,5770.595066,22,28439.44318181818,True,60.43613707165109,625667.75
0x4f93fead39b70a1824f981a54d4e55b278e9f760,2025-03-14,Fear,11039.384571,25,22036.92,True,60.43613707165109,550923.0
0x4f93fead39b70a1824f981a54d4e55b278e9f760,2025-03-15,Neutral,575.945518,8,17424.6975,True,60.43613707165109,139397.58
0x4f93fead39b70a1824f981a54d4e55b278e9f760,2025-03-16,Fear,144.99309,6,26689.39,True,60.43613707165109,160136.34
0x4f93fead39b70a1824f981a54d4e55b278e9f760,2025-03-17,Fear,2220.589556,11,18384.756363636363,True,60.43613707165109,202232.32
0x4f93fead39b70a1824f981a54d4e55b278e9f760,2025-03-18,Fear,362.477712,44,9083.757954545454,True,60.43613707165109,399685.35
0x4f93fead39b70a1824f981a54d4e55b278e9f760,2025-03-19,Fear,1438.717656,29,11776.706206896552,True,60.43613707165109,341524.48
0x4f93fead39b70a1824f981a54d4e55b278e9f760,2025-03-20,Neutral,0.0,8,14999.98875,False,60.43613707165109,119999.91
0x4f93fead39b70a1824f981a54d4e55b278e9f760,2025-03-21,Fear,0.0,6,30000.725000000002,False,60.43613707165109,180004.35
0x4f93fead39b70a1824f981a54d4e55b278e9f760,2025-03-22,Fear,58.007635,24,12502.583333333334,True,60.43613707165109,300062.0
0x4f93fead39b70a1824f981a54d4e55b278e9f760,2025-03-23,Fear,134.82844,10,4013.454,True,60.43613707165109,40134.54
0x4f93fead39b70a1824f981a54d4e55b278e9f760,2025-03-24,Neutral,0.0,14,4285.6335714285715,False,60.43613707165109,59998.869999999995
0x4f93fead39b70a1824f981a54d4e55b278e9f760,2025-03-25,Neutral,217.47456799999998,9,13309.063333333334,True,60.43613707165109,119781.57
0x4f93fead39b70a1824f981a54d4e55b278e9f760,2025-03-26,Neutral,980.433384,10,20075.693,True,60.43613707165109,200756.93
0x4f93fead39b70a1824f981a54d4e55b278e9f760,2025-03-27,Fear,4329.319769,40,19609.212,True,60.43613707165109,784368.48
0x4f93fead39b70a1824f981a54d4e55b278e9f760,2025-03-28,Fear,0.0,10,19998.763,False,60.43613707165109,199987.63
0x4f93fead39b70a1824f981a54d4e55b278e9f760,2025-03-29,Fear,0.0,8,27499.309999999998,False,60.43613707165109,219994.47999999998
0x4f93fead39b70a1824f981a54d4e55b278e9f760,2025-03-31,Fear,2112.5276,40,18052.58175,True,60.43613707165109,722103.27
0x4f93fead39b70a1824f981a54d4e55b278e9f760,2025-04-01,Fear,1402.082488,20,7070.317,True,60.43613707165109,141406.34
0x4f93fead39b70a1824f981a54d4e55b278e9f760,2025-04-02,Fear,0.0,1,19999.7,False,60.43613707165109,19999.7
0x4f93fead39b70a1824f981a54d4e55b278e9f760,2025-04-03,Fear,0.0,9,31104.344444444443,False,60.43613707165109,279939.1
0x4f93fead39b70a1824f981a54d4e55b278e9f760,2025-04-04,Fear,4591.427138999999,21,20216.697142857145,True,60.43613707165109,424550.64
0x4f93fead39b70a1824f981a54d4e55b278e9f760,2025-04-06,Fear,0.0,7,25710.512857142858,False,60.43613707165109,179973.59
0x4f93fead39b70a1824f981a54d4e55b278e9f760,2025-04-07,Extreme Fear,0.0,45,13332.73688888889,False,60.43613707165109,599973.16
0x4f93fead39b70a1824f981a54d4e55b278e9f760,2025-04-08,Extreme Fear,21114.136771999998,28,38252.94535714285,True,60.43613707165109,1071082.47
0x4f93fead39b70a1824f981a54d4e55b278e9f760,2025-04-09,Extreme Fear,25875.837656,45,19464.35377777778,True,60.43613707165109,875895.92
0x4f93fead39b70a1824f981a54d4e55b278e9f760,2025-04-10,Fear,0.0,9,16655.645555555555,False,60.43613707165109,149900.81
0x4f93fead39b70a1824f981a54d4e55b278e9f760,2025-04-11,Fear,3188.3381949999994,3,51029.70333333334,True,60.43613707165109,153089.11000000002
0x4f93fead39b70a1824f981a54d4e55b278e9f760,2025-04-13,Neutral,253.67505,8,6281.60375,True,60.43613707165109,50252.83
0x4f93fead39b70a1824f981a54d4e55b278e9f760,2025-04-14,Fear,322.73095,27,4642.299259259259,True,60.43613707165109,125342.08
0x4f93fead39b70a1824f981a54d4e55b278e9f760,2025-04-16,Fear,0.0,4,18749.704999999998,False,60.43613707165109,74998.81999999999
0x4f93fead39b70a1824f981a54d4e55b278e9f760,2025-04-17,Fear,1713.120195,9,19636.307777777776,True,60.43613707165109,176726.77
0x4f93fead39b70a1824f981a54d4e55b278e9f760,2025-04-18,Fear,0.0,4,12499.515,False,60.43613707165109,49998.06
0x4f93fead39b70a1824f981a54d4e55b278e9f760,2025-04-19,Fear,721.976596,18,8373.388333333334,True,60.43613707165109,150720.99000000002
0x4f93fead39b70a1824f981a54d4e55b278e9f760,2025-04-20,Fear,0.0,8,15624.63125,False,60.43613707165109,124997.05
0x4f93fead39b70a1824f981a54d4e55b278e9f760,2025-04-21,Fear,459.153994,9,16717.272222222222,True,60.43613707165109,150455.44999999998
0x4f93fead39b70a1824f981a54d4e55b278e9f760,2025-04-24,Greed,0.0,4,18749.59,False,60.43613707165109,74998.36
0x4f93fead39b70a1824f981a54d4e55b278e9f760,2025-04-25,Greed,0.0,16,28126.7575,False,60.43613707165109,450028.12
0x4f93fead39b70a1824f981a54d4e55b278e9f760,2025-04-30,Greed,5286.100993,36,19298.768333333333,True,60.43613707165109,694755.66
0x4f93fead39b70a1824f981a54d4e55b278e9f760,2025-05-01,Neutral,1220.746604,14,14373.198571428571,True,60.43613707165109,201224.78
0x513b8629fe877bb581bf244e326a047b249c4ff1,2024-12-09,Extreme Greed,0.0,42,1682.2211904761903,False,56.41025641025641,70653.29
0x513b8629fe877bb581bf244e326a047b249c4ff1,2024-12-12,Extreme Greed,0.0,89,3332.177640449438,False,56.41025641025641,296563.81
0x513b8629fe877bb581bf244e326a047b249c4ff1,2024-12-15,Extreme Greed,0.0,28,4194.129285714285,False,56.41025641025641,117435.62
0x513b8629fe877bb581bf244e326a047b249c4ff1,2024-12-19,Extreme Greed,0.0,64,3791.86515625,False,56.41025641025641,242679.37
0x513b8629fe877bb581bf244e326a047b249c4ff1,2025-02-14,Neutral,194499.072534,464,1986.7047629310346,True,56.41025641025641,921831.01
0x513b8629fe877bb581bf244e326a047b249c4ff1,2025-02-17,Neutral,0.0,292,3155.894726027397,False,56.41025641025641,921521.26
0x513b8629fe877bb581bf244e326a047b249c4ff1,2025-03-17,Fear,0.0,35,9144.806857142858,False,56.41025641025641,320068.24
0x513b8629fe877bb581bf244e326a047b249c4ff1,2025-03-18,Fear,5429.87424,6,43103.988333333335,True,56.41025641025641,258623.93000000002
0x513b8629fe877bb581bf244e326a047b249c4ff1,2025-03-19,Fear,13272.411278,133,6491.884887218045,True,56.41025641025641,863420.6900000001
0x513b8629fe877bb581bf244e326a047b249c4ff1,2025-03-20,Neutral,3865.013572,75,1391.7530666666667,True,56.41025641025641,104381.48
0x513b8629fe877bb581bf244e326a047b249c4ff1,2025-03-27,Fear,0.0,77,2064.410909090909,False,56.41025641025641,158959.64
0x513b8629fe877bb581bf244e326a047b249c4ff1,2025-03-28,Fear,1470.407794,84,1909.8789285714283,True,56.41025641025641,160429.83
0x513b8629fe877bb581bf244e326a047b249c4ff1,2025-04-01,Fear,0.0,13,13807.81,False,56.41025641025641,179501.53
0x513b8629fe877bb581bf244e326a047b249c4ff1,2025-04-03,Fear,0.0,49,2260.9597959183675,False,56.41025641025641,110787.03
0x513b8629fe877bb581bf244e326a047b249c4ff1,2025-04-05,Fear,0.0,34,2537.0485294117643,False,56.41025641025641,86259.65
0x513b8629fe877bb581bf244e326a047b249c4ff1,2025-04-07,Extreme Fear,-37999.868086,76,6969.902236842105,False,56.41025641025641,529712.57
0x513b8629fe877bb581bf244e326a047b249c4ff1,2025-04-08,Extreme Fear,3131.840108,148,9667.030743243244,True,56.41025641025641,1430720.55
0x513b8629fe877bb581bf244e326a047b249c4ff1,2025-04-09,Extreme Fear,-36253.792726,122,11281.935245901639,False,56.41025641025641,1376396.0999999999
0x513b8629fe877bb581bf244e326a047b249c4ff1,2025-04-10,Fear,22908.117384,337,25584.4765578635,True,56.41025641025641,8621968.6
0x513b8629fe877bb581bf244e326a047b249c4ff1,2025-04-11,Fear,0.0,65,33255.74600000001,False,56.41025641025641,2161623.49
0x513b8629fe877bb581bf244e326a047b249c4ff1,2025-04-12,Fear,88152.006818,1251,40967.58708233413,True,56.41025641025641,51250451.44
0x513b8629fe877bb581bf244e326a047b249c4ff1,2025-04-13,Neutral,11239.437228,285,31745.770947368423,True,56.41025641025641,9047544.72
0x513b8629fe877bb581bf244e326a047b249c4ff1,2025-04-14,Fear,7922.167264999999,230,38233.16656521739,True,56.41025641025641,8793628.31
0x513b8629fe877bb581bf244e326a047b249c4ff1,2025-04-15,Fear,40966.673478000004,731,25242.244090287277,True,56.41025641025641,18452080.43
0x513b8629fe877bb581bf244e326a047b249c4ff1,2025-04-16,Fear,41498.141783,886,39232.42645598194,True,56.41025641025641,34759929.84
0x513b8629fe877bb581bf244e326a047b249c4ff1,2025-04-17,Fear,0.0,5,147619.302,False,56.41025641025641,738096.51
0x513b8629fe877bb581bf244e326a047b249c4ff1,2025-04-18,Fear,43400.145539,379,58751.562744063325,True,56.41025641025641,22266842.28
0x513b8629fe877bb581bf244e326a047b249c4ff1,2025-04-19,Fear,62373.791703999996,637,43140.85288854003,True,56.41025641025641,27480723.29
0x513b8629fe877bb581bf244e326a047b249c4ff1,2025-04-20,Fear,0.0,160,52569.3078125,False,56.41025641025641,8411089.25
0x513b8629fe877bb581bf244e326a047b249c4ff1,2025-04-21,Fear,39772.479641,869,46044.36062140392,True,56.41025641025641,40012549.38
0x513b8629fe877bb581bf244e326a047b249c4ff1,2025-04-22,Neutral,73209.060448,418,62608.63574162679,True,56.41025641025641,26170409.74
0x513b8629fe877bb581bf244e326a047b249c4ff1,2025-04-23,Greed,1656.211757,211,54580.961753554504,True,56.41025641025641,11516582.93
0x513b8629fe877bb581bf244e326a047b249c4ff1,2025-04-24,Greed,35332.403093,672,47146.683541666665,True,56.41025641025641,31682571.34
0x513b8629fe877bb581bf244e326a047b249c4ff1,2025-04-25,Greed,8410.75479,499,49855.811983967935,True,56.41025641025641,24878050.18
0x513b8629fe877bb581bf244e326a047b249c4ff1,2025-04-26,Greed,0.0,314,35046.08286624204,False,56.41025641025641,11004470.02
0x513b8629fe877bb581bf244e326a047b249c4ff1,2025-04-28,Neutral,37973.605394,654,38360.42061162079,True,56.41025641025641,25087715.08
0x513b8629fe877bb581bf244e326a047b249c4ff1,2025-04-29,Greed,117648.295306,992,32144.09112903226,True,56.41025641025641,31886938.4
0x513b8629fe877bb581bf244e326a047b249c4ff1,2025-04-30,Greed,0.0,481,22932.819688149688,False,56.41025641025641,11030686.27
0x513b8629fe877bb581bf244e326a047b249c4ff1,2025-05-01,Neutral,60544.304874,329,22713.250030395135,True,56.41025641025641,7472659.26
0x6d6a4b953f202f8df5bed40692e7fd865318264a,2024-12-11,Greed,698.009722,8,136.67374999999998,True,57.446808510638306,1093.3899999999999
0x6d6a4b953f202f8df5bed40692e7fd865318264a,2024-12-12,Extreme Greed,362.84131,4,133.0725,True,57.446808510638306,532.29
0x6d6a4b953f202f8df5bed40692e7fd865318264a,2024-12-14,Extreme Greed,39057.10912,80,664.7225000000001,True,57.446808510638306,53177.8
0x6d6a4b953f202f8df5bed40692e7fd865318264a,2024-12-15,Extreme Greed,18879.21027,15,1635.1666666666667,True,57.446808510638306,24527.5
0x6d6a4b953f202f8df5bed40692e7fd865318264a,2024-12-16,Extreme Greed,12648.870412,47,341.3504255319149,True,57.446808510638306,16043.47
0x6d6a4b953f202f8df5bed40692e7fd865318264a,2024-12-17,Extreme Greed,2244.04603,7,401.2685714285714,True,57.446808510638306,2808.88
0x6d6a4b953f202f8df5bed40692e7fd865318264a,2024-12-21,Greed,27649.187167,89,372.85966292134833,True,57.446808510638306,33184.51
0x6d6a4b953f202f8df5bed40692e7fd865318264a,2025-01-11,Greed,0.0,33,227.26757575757574,False,57.446808510638306,7499.83
0x6d6a4b953f202f8df5bed40692e7fd865318264a,2025-01-12,Greed,0.0,12,833.3333333333334,False,57.446808510638306,10000.0
0x6d6a4b953f202f8df5bed40692e7fd865318264a,2025-01-13,Greed,0.0,23,543.5169565217391,False,57.446808510638306,12500.89
0x6d6a4b953f202f8df5bed40692e7fd865318264a,2025-01-19,Extreme Greed,0.0,12,291.6675,False,57.446808510638306,3500.01
0x6d6a4b953f202f8df5bed40692e7fd865318264a,2025-01-20,Extreme Greed,0.0,3,1666.64,False,57.446808510638306,4999.92
0x6d6a4b953f202f8df5bed40692e7fd865318264a,2025-01-23,Extreme Greed,0.0,3,141.0,False,57.446808510638306,423.0
0x6d6a4b953f202f8df5bed40692e7fd865318264a,2025-01-27,Greed,0.0,11,1272.7318181818182,False,57.446808510638306,14000.05
0x6d6a4b953f202f8df5bed40692e7fd865318264a,2025-01-30,Greed,1643.602279,8,1242.675,True,57.446808510638306,9941.4
0x6d6a4b953f202f8df5bed40692e7fd865318264a,2025-02-01,Greed,0.0,5,1987.6240000000003,False,57.446808510638306,9938.12
0x6d6a4b953f202f8df5bed40692e7fd865318264a,2025-02-14,Neutral,844.8168900000001,21,254.39857142857142,True,57.446808510638306,5342.37
0x6d6a4b953f202f8df5bed40692e7fd865318264a,2025-02-15,Neutral,0.0,11,485.4918181818182,False,57.446808510638306,5340.41
0x6d6a4b953f202f8df5bed40692e7fd865318264a,2025-03-26,Neutral,413.304033,18,875.7783333333333,True,57.446808510638306,15764.01
0x6d6a4b953f202f8df5bed40692e7fd865318264a,2025-03-27,Fear,154.257092,23,550.3630434782609,True,57.446808510638306,12658.35
0x6d6a4b953f202f8df5bed40692e7fd865318264a,2025-03-28,Fear,0.0,12,227.225,False,57.446808510638306,2726.7
0x6d6a4b953f202f8df5bed40692e7fd865318264a,2025-03-29,Fear,0.0,7,221.41285714285712,False,57.446808510638306,1549.8899999999999
0x6d6a4b953f202f8df5bed40692e7fd865318264a,2025-03-30,Fear,3.492534,6,276.01,True,57.446808510638306,1656.06
0x6d6a4b953f202f8df5bed40692e7fd865318264a,2025-03-31,Fear,0.0,1,149.99,False,57.446808510638306,149.99
0x6d6a4b953f202f8df5bed40692e7fd865318264a,2025-04-01,Fear,132.71954399999998,14,1954.3107142857145,True,57.446808510638306,27360.350000000002
0x6d6a4b953f202f8df5bed40692e7fd865318264a,2025-04-02,Fear,234.497751,34,1120.655,True,57.446808510638306,38102.27
0x6d6a4b953f202f8df5bed40692e7fd865318264a,2025-04-03,Fear,298.031364,20,922.9384999999999,True,57.446808510638306,18458.769999999997
0x6d6a4b953f202f8df5bed40692e7fd865318264a,2025-04-04,Fear,392.35488599999996,60,626.296,True,57.446808510638306,37577.76
0x6d6a4b953f202f8df5bed40692e7fd865318264a,2025-04-05,Fear,41.479757,17,1026.9088235294118,True,57.446808510638306,17457.45
0x6d6a4b953f202f8df5bed40692e7fd865318264a,2025-04-06,Fear,207.98348199999998,22,1384.9813636363635,True,57.446808510638306,30469.59
0x6d6a4b953f202f8df5bed40692e7fd865318264a,2025-04-07,Extreme Fear,232.000726,51,990.5305882352941,True,57.446808510638306,50517.06
0x6d6a4b953f202f8df5bed40692e7fd865318264a,2025-04-08,Extreme Fear,409.437344,32,1307.165,True,57.446808510638306,41829.28
0x6d6a4b953f202f8df5bed40692e7fd865318264a,2025-04-09,Extreme Fear,1395.820542,60,902.617,True,57.446808510638306,54157.02
0x6d6a4b953f202f8df5bed40692e7fd865318264a,2025-04-10,Fear,463.813132,18,1599.0455555555554,True,57.446808510638306,28782.82
0x6d6a4b953f202f8df5bed40692e7fd865318264a,2025-04-11,Fear,56.216535,5,2161.054,True,57.446808510638306,10805.27
0x6d6a4b953f202f8df5bed40692e7fd865318264a,2025-04-12,Fear,-89.1781,12,1094.5383333333332,False,57.446808510638306,13134.46
0x6d6a4b953f202f8df5bed40692e7fd865318264a,2025-04-13,Neutral,0.0,1,999.44,False,57.446808510638306,999.44
0x6d6a4b953f202f8df5bed40692e7fd865318264a,2025-04-14,Fear,73.7414,5,2214.596,True,57.446808510638306,11072.98
0x6d6a4b953f202f8df5bed40692e7fd865318264a,2025-04-15,Fear,0.0,8,1124.95125,False,57.446808510638306,8999.61
0x6d6a4b953f202f8df5bed40692e7fd865318264a,2025-04-16,Fear,70.94968,4,494.38,True,57.446808510638306,1977.52
0x6d6a4b953f202f8df5bed40692e7fd865318264a,2025-04-19,Fear,0.0,85,414.2778823529412,False,57.446808510638306,35213.62
0x6d6a4b953f202f8df5bed40692e7fd865318264a,2025-04-21,Fear,0.0,6,1166.0616666666667,False,57.446808510638306,6996.37
0x6d6a4b953f202f8df5bed40692e7fd865318264a,2025-04-22,Neutral,0.0,10,999.832,False,57.446808510638306,9998.32
0x6d6a4b953f202f8df5bed40692e7fd865318264a,2025-04-23,Greed,0.0,18,527.7555555555556,False,57.446808510638306,9499.6
0x6d6a4b953f202f8df5bed40692e7fd865318264a,2025-04-24,Greed,168.69881,20,441.69899999999996,True,57.446808510638306,8833.98
0x6d6a4b953f202f8df5bed40692e7fd865318264a,2025-04-25,Greed,0.0,7,535.6742857142857,False,57.446808510638306,3749.7200000000003
0x6d6a4b953f202f8df5bed40692e7fd865318264a,2025-04-26,Greed,43.903059999999996,7,1815.0585714285714,True,57.446808510638306,12705.41
0x72743ae2822edd658c0c50608fd7c5c501b2afbd,2024-12-17,Extreme Greed,0.0,98,18481.63244897959,False,21.052631578947366,1811199.98
0x72743ae2822edd658c0c50608fd7c5c501b2afbd,2024-12-22,Greed,327545.999992,104,14265.865288461539,True,21.052631578947366,1483649.99
0x72743ae2822edd658c0c50608fd7c5c501b2afbd,2025-01-04,Greed,0.0,141,11569.857730496453,False,21.052631578947366,1631349.94
0x72743ae2822edd658c0c50608fd7c5c501b2afbd,2025-01-08,Greed,122050.866984,48,31443.71166666667,True,21.052631578947366,1509298.1600000001
0x72743ae2822edd658c0c50608fd7c5c501b2afbd,2025-02-28,Extreme Fear,0.0,77,1457.8809090909092,False,21.052631578947366,112256.83
0x72743ae2822edd658c0c50608fd7c5c501b2afbd,2025-03-08,Fear,0.0,15,2119.866666666667,False,21.052631578947366,31798.0
0x72743ae2822edd658c0c50608fd7c5c501b2afbd,2025-03-09,Fear,0.0,90,1365.6884444444443,False,21.052631578947366,122911.95999999999
0x72743ae2822edd658c0c50608fd7c5c501b2afbd,2025-04-08,Extreme Fear,0.0,77,2481.818051948052,False,21.052631578947366,191099.99
0x72743ae2822edd658c0c50608fd7c5c501b2afbd,2025-04-09,Extreme Fear,33980.0,355,8095.553154929577,True,21.052631578947366,2873921.37
0x72743ae2822edd658c0c50608fd7c5c501b2afbd,2025-04-10,Fear,0.0,8,12530.401249999999,False,21.052631578947366,100243.20999999999
0x72743ae2822edd658c0c50608fd7c5c501b2afbd,2025-04-11,Fear,0.0,3,51734.1,False,21.052631578947366,155202.3
0x72743ae2822edd658c0c50608fd7c5c501b2afbd,2025-04-16,Fear,-14838.4,53,4603.773962264151,False,21.052631578947366,244000.02
0x72743ae2822edd658c0c50608fd7c5c501b2afbd,2025-04-18,Fear,-42923.271911,65,8851.193692307692,False,21.052631578947366,575327.59
0x72743ae2822edd658c0c50608fd7c5c501b2afbd,2025-04-19,Fear,0.0,39,1287.706923076923,False,21.052631578947366,50220.57
0x72743ae2822edd658c0c50608fd7c5c501b2afbd,2025-04-20,Fear,-458.08035,38,1333.6473684210525,False,21.052631578947366,50678.6
0x72743ae2822edd658c0c50608fd7c5c501b2afbd,2025-04-22,Neutral,0.0,79,1341.7722784810126,False,21.052631578947366,106000.01
0x72743ae2822edd658c0c50608fd7c5c501b2afbd,2025-04-23,Greed,10148.4512,167,1633.4878443113773,True,21.052631578947366,272792.47000000003
0x72743ae2822edd658c0c50608fd7c5c501b2afbd,2025-04-24,Greed,-3500.0,111,878.3780180180181,False,21.052631578947366,97499.96
0x72743ae2822edd658c0c50608fd7c5c501b2afbd,2025-04-25,Greed,-2650.0,22,2502.2713636363637,False,21.052631578947366,55049.97
0x72c6a4624e1dffa724e6d00d64ceae698af892a0,2024-09-20,Neutral,0.0,4,7075.4425,False,24.615384615384617,28301.77
0x72c6a4624e1dffa724e6d00d64ceae698af892a0,2024-09-24,Neutral,0.0,1,6113.57,False,24.615384615384617,6113.57
0x72c6a4624e1dffa724e6d00d64ceae698af892a0,2024-09-25,Greed,0.0,3,917.6733333333333,False,24.615384615384617,2753.02
0x72c6a4624e1dffa724e6d00d64ceae698af892a0,2024-09-26,Neutral,0.0,5,6654.302000000001,False,24.615384615384617,33271.51
0x72c6a4624e1dffa724e6d00d64ceae698af892a0,2024-09-27,Greed,0.0,46,567.4939130434783,False,24.615384615384617,26104.72
0x72c6a4624e1dffa724e6d00d64ceae698af892a0,2024-09-28,Greed,0.0,4,7299.8025,False,24.615384615384617,29199.21
0x72c6a4624e1dffa724e6d00d64ceae698af892a0,2024-09-30,Greed,0.0,96,389.4682291666666,False,24.615384615384617,37388.95
0x72c6a4624e1dffa724e6d00d64ceae698af892a0,2024-10-25,Greed,8692.0,5,4659.2,True,24.615384615384617,23296.0
0x72c6a4624e1dffa724e6d00d64ceae698af892a0,2024-11-29,Extreme Greed,573.585288,1,573.59,True,24.615384615384617,573.59
0x72c6a4624e1dffa724e6d00d64ceae698af892a0,2024-12-12,Extreme Greed,0.0,17,1397.385294117647,False,24.615384615384617,23755.55
0x72c6a4624e1dffa724e6d00d64ceae698af892a0,2024-12-13,Extreme Greed,0.0,30,2951.8799999999997,False,24.615384615384617,88556.4
0x72c6a4624e1dffa724e6d00d64ceae698af892a0,2024-12-14,Extreme Greed,0.0,43,2042.2541860465114,False,24.615384615384617,87816.93
0x72c6a4624e1dffa724e6d00d64ceae698af892a0,2024-12-15,Extreme Greed,0.0,8,2812.5,False,24.615384615384617,22500.0
0x72c6a4624e1dffa724e6d00d64ceae698af892a0,2024-12-16,Extreme Greed,0.0,41,1561.8182926829268,False,24.615384615384617,64034.549999999996
0x72c6a4624e1dffa724e6d00d64ceae698af892a0,2024-12-17,Extreme Greed,0.0,14,3150.0064285714284,False,24.615384615384617,44100.09
0x72c6a4624e1dffa724e6d00d64ceae698af892a0,2024-12-18,Extreme Greed,0.0,31,3206.451290322581,False,24.615384615384617,99399.99
0x72c6a4624e1dffa724e6d00d64ceae698af892a0,2024-12-19,Extreme Greed,0.0,1,24880.0,False,24.615384615384617,24880.0
0x72c6a4624e1dffa724e6d00d64ceae698af892a0,2024-12-20,Greed,0.0,28,4121.142857142857,False,24.615384615384617,115392.0
0x72c6a4624e1dffa724e6d00d64ceae698af892a0,2024-12-23,Greed,0.0,35,3422.0648571428574,False,24.615384615384617,119772.27
0x72c6a4624e1dffa724e6d00d64ceae698af892a0,2024-12-25,Greed,0.0,1,28677.0,False,24.615384615384617,28677.0
0x72c6a4624e1dffa724e6d00d64ceae698af892a0,2024-12-27,Greed,0.0,6,9450.001666666667,False,24.615384615384617,56700.01
0x72c6a4624e1dffa724e6d00d64ceae698af892a0,2024-12-28,Greed,0.0,34,2406.462941176471,False,24.615384615384617,81819.74
0x72c6a4624e1dffa724e6d00d64ceae698af892a0,2024-12-29,Greed,0.0,14,5006.2699999999995,False,24.615384615384617,70087.78
0x72c6a4624e1dffa724e6d00d64ceae698af892a0,2024-12-30,Greed,0.0,15,2392.239333333333,False,24.615384615384617,35883.59
0x72c6a4624e1dffa724e6d00d64ceae698af892a0,2025-01-02,Greed,0.0,3,8894.193333333335,False,24.615384615384617,26682.58
0x72c6a4624e1dffa724e6d00d64ceae698af892a0,2025-01-03,Greed,0.0,6,6065.75,False,24.615384615384617,36394.5
0x72c6a4624e1dffa724e6d00d64ceae698af892a0,2025-01-04,Greed,0.0,1,2128.95,False,24.615384615384617,2128.95
0x72c6a4624e1dffa724e6d00d64ceae698af892a0,2025-01-05,Greed,0.0,8,2863.6875,False,24.615384615384617,22909.5
0x72c6a4624e1dffa724e6d00d64ceae698af892a0,2025-01-06,Extreme Greed,0.0,25,2910.8484000000003,False,24.615384615384617,72771.21
0x72c6a4624e1dffa724e6d00d64ceae698af892a0,2025-01-09,Greed,10647.977,1,38563.98,True,24.615384615384617,38563.98
0x72c6a4624e1dffa724e6d00d64ceae698af892a0,2025-01-24,Extreme Greed,0.0,2,2258.9,False,24.615384615384617,4517.8
0x72c6a4624e1dffa724e6d00d64ceae698af892a0,2025-01-25,Extreme Greed,0.0,14,3981.5714285714284,False,24.615384615384617,55742.0
0x72c6a4624e1dffa724e6d00d64ceae698af892a0,2025-01-26,Greed,262.95,55,1671.9961818181819,True,24.615384615384617,91959.79000000001
0x72c6a4624e1dffa724e6d00d64ceae698af892a0,2025-01-27,Greed,0.0,1,11300.0,False,24.615384615384617,11300.0
0x72c6a4624e1dffa724e6d00d64ceae698af892a0,2025-01-28,Greed,1474.79,70,1620.264857142857,True,24.615384615384617,113418.54
0x72c6a4624e1dffa724e6d00d64ceae698af892a0,2025-02-02,Greed,0.0,37,837.1502702702703,False,24.615384615384617,30974.56
0x72c6a4624e1dffa724e6d00d64ceae698af892a0,2025-02-04,Greed,0.0,1,15000.0,False,24.615384615384617,15000.0
0x72c6a4624e1dffa724e6d00d64ceae698af892a0,2025-02-07,Fear,0.0,54,772.9157407407408,False,24.615384615384617,41737.450000000004
0x72c6a4624e1dffa724e6d00d64ceae698af892a0,2025-02-10,Fear,0.0,24,2206.1225,False,24.615384615384617,52946.94
0x72c6a4624e1dffa724e6d00d64ceae698af892a0,2025-02-14,Neutral,0.0,5,3058.91,False,24.615384615384617,15294.55
0x72c6a4624e1dffa724e6d00d64ceae698af892a0,2025-02-15,Neutral,0.0,7,1628.5714285714287,False,24.615384615384617,11400.0
0x72c6a4624e1dffa724e6d00d64ceae698af892a0,2025-02-16,Neutral,0.0,6,1650.0,False,24.615384615384617,9900.0
0x72c6a4624e1dffa724e6d00d64ceae698af892a0,2025-02-18,Neutral,0.0,9,701.2211111111111,False,24.615384615384617,6310.99
0x72c6a4624e1dffa724e6d00d64ceae698af892a0,2025-02-21,Greed,0.0,18,374.33,False,24.615384615384617,6737.94
0x72c6a4624e1dffa724e6d00d64ceae698af892a0,2025-02-22,Neutral,0.0,14,1038.095,False,24.615384615384617,14533.33
0x72c6a4624e1dffa724e6d00d64ceae698af892a0,2025-02-25,Fear,81776.7151,137,1940.033503649635,True,24.615384615384617,265784.58999999997
0x72c6a4624e1dffa724e6d00d64ceae698af892a0,2025-02-26,Extreme Fear,8230.0,1,23710.0,True,24.615384615384617,23710.0
0x72c6a4624e1dffa724e6d00d64ceae698af892a0,2025-02-27,Extreme Fear,8517.7655,13,2059.193846153846,True,24.615384615384617,26769.52
0x72c6a4624e1dffa724e6d00d64ceae698af892a0,2025-02-28,Extreme Fear,15700.5,3,7567.57,True,24.615384615384617,22702.71
0x72c6a4624e1dffa724e6d00d64ceae698af892a0,2025-03-01,Extreme Fear,0.0,14,791.3578571428571,False,24.615384615384617,11079.01
0x72c6a4624e1dffa724e6d00d64ceae698af892a0,2025-03-02,Fear,10915.212,25,1366.0404,True,24.615384615384617,34151.01
0x72c6a4624e1dffa724e6d00d64ceae698af892a0,2025-03-03,Fear,17247.427499999998,16,3784.509375,True,24.615384615384617,60552.15
0x72c6a4624e1dffa724e6d00d64ceae698af892a0,2025-03-04,Extreme Fear,169132.29611,155,3030.0763225806454,True,24.615384615384617,469661.83
0x72c6a4624e1dffa724e6d00d64ceae698af892a0,2025-03-07,Fear,0.0,10,496.50100000000003,False,24.615384615384617,4965.01
0x72c6a4624e1dffa724e6d00d64ceae698af892a0,2025-03-08,Fear,0.0,7,480.2857142857143,False,24.615384615384617,3362.0
0x72c6a4624e1dffa724e6d00d64ceae698af892a0,2025-03-09,Fear,0.0,21,232.88047619047617,False,24.615384615384617,4890.49
0x72c6a4624e1dffa724e6d00d64ceae698af892a0,2025-03-10,Extreme Fear,-2680.0,35,678.8711428571429,False,24.615384615384617,23760.49
0x72c6a4624e1dffa724e6d00d64ceae698af892a0,2025-03-15,Neutral,0.0,1,5925.5,False,24.615384615384617,5925.5
0x72c6a4624e1dffa724e6d00d64ceae698af892a0,2025-04-12,Fear,-3546.9,12,1581.1591666666666,False,24.615384615384617,18973.91
0x72c6a4624e1dffa724e6d00d64ceae698af892a0,2025-04-13,Neutral,-4526.698469,5,2040.0,False,24.615384615384617,10200.0
0x72c6a4624e1dffa724e6d00d64ceae698af892a0,2025-04-14,Fear,7848.0,3,2675.8333333333335,True,24.615384615384617,8027.5
0x72c6a4624e1dffa724e6d00d64ceae698af892a0,2025-04-15,Fear,6335.6,6,1444.0666666666666,True,24.615384615384617,8664.4
0x72c6a4624e1dffa724e6d00d64ceae698af892a0,2025-04-16,Fear,14609.800000000001,44,825.0,True,24.615384615384617,36300.0
0x72c6a4624e1dffa724e6d00d64ceae698af892a0,2025-04-20,Fear,18374.63,55,1135.2727272727273,True,24.615384615384617,62440.0
0x72c6a4624e1dffa724e6d00d64ceae698af892a0,2025-04-21,Fear,-9046.14,17,1703.0882352941176,False,24.615384615384617,28952.5
0x75f7eeb85dc639d5e99c78f95393aa9a5f1170d4,2024-01-19,Neutral,-0.20400000000000001,9,169.64555555555555,False,91.0958904109589,1526.81
0x75f7eeb85dc639d5e99c78f95393aa9a5f1170d4,2024-01-22,Greed,1166.248788,48,1125.4704166666668,True,91.0958904109589,54022.58
0x75f7eeb85dc639d5e99c78f95393aa9a5f1170d4,2024-01-26,Neutral,90.2,2,4627.9,True,91.0958904109589,9255.8
0x75f7eeb85dc639d5e99c78f95393aa9a5f1170d4,2024-01-29,Greed,1.71544,2,1034.4299999999998,True,91.0958904109589,2068.8599999999997
0x75f7eeb85dc639d5e99c78f95393aa9a5f1170d4,2024-02-14,Greed,3639.3031690000003,88,2478.8488636363636,True,91.0958904109589,218138.7
0x75f7eeb85dc639d5e99c78f95393aa9a5f1170d4,2024-02-15,Greed,1024.70728,52,1469.9592307692308,True,91.0958904109589,76437.88
0x75f7eeb85dc639d5e99c78f95393aa9a5f1170d4,2024-02-16,Greed,5491.768834,170,2730.2580588235296,True,91.0958904109589,464143.87
0x75f7eeb85dc639d5e99c78f95393aa9a5f1170d4,2024-02-17,Extreme Greed,1670.012358,64,3161.86234375,True,91.0958904109589,202359.19
0x75f7eeb85dc639d5e99c78f95393aa9a5f1170d4,2024-02-18,Greed,477.6248299999999,97,1619.0532989690723,True,91.0958904109589,157048.17
0x75f7eeb85dc639d5e99c78f95393aa9a5f1170d4,2024-02-19,Extreme Greed,4325.827543,95,2488.1485263157892,True,91.0958904109589,236374.11
0x75f7eeb85dc639d5e99c78f95393aa9a5f1170d4,2024-02-20,Greed,3053.31353,35,3363.1262857142856,True,91.0958904109589,117709.42
0x75f7eeb85dc639d5e99c78f95393aa9a5f1170d4,2024-02-21,Extreme Greed,1858.7985700000002,21,4668.662857142857,True,91.0958904109589,98041.92
0x75f7eeb85dc639d5e99c78f95393aa9a5f1170d4,2024-02-22,Greed,3894.1050699999996,86,4279.456162790698,True,91.0958904109589,368033.23
0x75f7eeb85dc639d5e99c78f95393aa9a5f1170d4,2024-02-23,Extreme Greed,1418.55293,143,776.966013986014,True,91.0958904109589,111106.14
0x75f7eeb85dc639d5e99c78f95393aa9a5f1170d4,2024-02-25,Greed,-30.7705,5,896.0260000000001,False,91.0958904109589,4480.13
0x75f7eeb85dc639d5e99c78f95393aa9a5f1170d4,2024-02-26,Greed,4416.8473,37,5180.734324324325,True,91.0958904109589,191687.17
0x75f7eeb85dc639d5e99c78f95393aa9a5f1170d4,2024-02-27,Extreme Greed,312.130593,55,3759.7450909090912,True,91.0958904109589,206785.98
0x75f7eeb85dc639d5e99c78f95393aa9a5f1170d4,2024-02-28,Extreme Greed,2503.747235,45,3802.380666666667,True,91.0958904109589,171107.13
0x75f7eeb85dc639d5e99c78f95393aa9a5f1170d4,2024-02-29,Extreme Greed,8493.192736,109,3402.198532110092,True,91.0958904109589,370839.64
0x75f7eeb85dc639d5e99c78f95393aa9a5f1170d4,2024-03-01,Extreme Greed,8244.241409,137,3452.370072992701,True,91.0958904109589,472974.7
0x75f7eeb85dc639d5e99c78f95393aa9a5f1170d4,2024-03-02,Extreme Greed,1674.715167,24,2510.5745833333335,True,91.0958904109589,60253.79
0x75f7eeb85dc639d5e99c78f95393aa9a5f1170d4,2024-03-03,Extreme Greed,8361.086245,79,4946.1478481012655,True,91.0958904109589,390745.68
0x75f7eeb85dc639d5e99c78f95393aa9a5f1170d4,2024-03-04,Extreme Greed,26773.771643,287,5485.087665505226,True,91.0958904109589,1574220.16
0x75f7eeb85dc639d5e99c78f95393aa9a5f1170d4,2024-03-05,Extreme Greed,19791.026041,180,4676.724,True,91.0958904109589,841810.32
0x75f7eeb85dc639d5e99c78f95393aa9a5f1170d4,2024-03-06,Extreme Greed,6814.825139,82,3990.4636585365856,True,91.0958904109589,327218.02
0x75f7eeb85dc639d5e99c78f95393aa9a5f1170d4,2024-03-08,Extreme Greed,4271.886236,67,2740.047462686567,True,91.0958904109589,183583.18
0x75f7eeb85dc639d5e99c78f95393aa9a5f1170d4,2024-03-09,Extreme Greed,9949.501624,117,5625.459401709401,True,91.0958904109589,658178.75
0x75f7eeb85dc639d5e99c78f95393aa9a5f1170d4,2024-03-10,Extreme Greed,2482.9272,42,5237.472619047619,True,91.0958904109589,219973.85
0x75f7eeb85dc639d5e99c78f95393aa9a5f1170d4,2024-03-11,Extreme Greed,3588.179495,42,4202.844047619047,True,91.0958904109589,176519.44999999998
0x75f7eeb85dc639d5e99c78f95393aa9a5f1170d4,2024-03-12,Extreme Greed,3039.166,8,12880.10625,True,91.0958904109589,103040.85
0x75f7eeb85dc639d5e99c78f95393aa9a5f1170d4,2024-03-14,Extreme Greed,3400.385378,17,11756.876470588235,True,91.0958904109589,199866.9
0x75f7eeb85dc639d5e99c78f95393aa9a5f1170d4,2024-03-15,Extreme Greed,5509.2545,35,7132.707714285714,True,91.0958904109589,249644.77
0x75f7eeb85dc639d5e99c78f95393aa9a5f1170d4,2024-03-17,Extreme Greed,73.61088,7,705.8557142857143,True,91.0958904109589,4940.99
0x75f7eeb85dc639d5e99c78f95393aa9a5f1170d4,2024-03-18,Extreme Greed,1244.6384,6,8540.285,True,91.0958904109589,51241.71
0x75f7eeb85dc639d5e99c78f95393aa9a5f1170d4,2024-03-19,Extreme Greed,842.799493,10,18098.891,True,91.0958904109589,180988.91
0x75f7eeb85dc639d5e99c78f95393aa9a5f1170d4,2024-03-20,Greed,2593.147623,59,2446.8210169491526,True,91.0958904109589,144362.44
0x75f7eeb85dc639d5e99c78f95393aa9a5f1170d4,2024-03-21,Extreme Greed,2097.182,23,4256.877391304348,True,91.0958904109589,97908.18
0x75f7eeb85dc639d5e99c78f95393aa9a5f1170d4,2024-03-24,Greed,1297.018477,19,4873.274210526315,True,91.0958904109589,92592.20999999999
0x75f7eeb85dc639d5e99c78f95393aa9a5f1170d4,2024-03-26,Extreme Greed,3195.3074,111,1572.7824324324324,True,91.0958904109589,174578.85
0x75f7eeb85dc639d5e99c78f95393aa9a5f1170d4,2024-03-27,Extreme Greed,-38.78086,11,1163.5172727272727,False,91.0958904109589,12798.689999999999
0x75f7eeb85dc639d5e99c78f95393aa9a5f1170d4,2024-03-28,Extreme Greed,227.85100799999998,10,1530.983,True,91.0958904109589,15309.83
0x75f7eeb85dc639d5e99c78f95393aa9a5f1170d4,2024-03-30,Extreme Greed,1100.57514,45,2246.753777777778,True,91.0958904109589,101103.92
0x75f7eeb85dc639d5e99c78f95393aa9a5f1170d4,2024-04-01,Extreme Greed,2507.122467,48,4260.021458333334,True,91.0958904109589,204481.03
0x75f7eeb85dc639d5e99c78f95393aa9a5f1170d4,2024-04-03,Greed,126.7884,2,3443.955,True,91.0958904109589,6887.91
0x75f7eeb85dc639d5e99c78f95393aa9a5f1170d4,2024-04-05,Extreme Greed,5296.433789,82,3723.111585365854,True,91.0958904109589,305295.15
0x75f7eeb85dc639d5e99c78f95393aa9a5f1170d4,2024-04-08,Extreme Greed,1218.4267,2,24387.135,True,91.0958904109589,48774.27
0x75f7eeb85dc639d5e99c78f95393aa9a5f1170d4,2024-04-12,Extreme Greed,2237.798674,93,2815.611935483871,True,91.0958904109589,261851.91
0x75f7eeb85dc639d5e99c78f95393aa9a5f1170d4,2024-04-13,Greed,6621.451755,71,4651.021830985916,True,91.0958904109589,330222.55
0x75f7eeb85dc639d5e99c78f95393aa9a5f1170d4,2024-04-14,Greed,461.97292000000004,43,1637.1216279069768,True,91.0958904109589,70396.23
0x75f7eeb85dc639d5e99c78f95393aa9a5f1170d4,2024-04-15,Greed,3774.08872,38,6344.664210526315,True,91.0958904109589,241097.24
0x75f7eeb85dc639d5e99c78f95393aa9a5f1170d4,2024-04-16,Greed,2467.702221,46,3952.523695652174,True,91.0958904109589,181816.09
0x75f7eeb85dc639d5e99c78f95393aa9a5f1170d4,2024-04-17,Greed,2441.4683999999997,14,6968.785000000001,True,91.0958904109589,97562.99
0x75f7eeb85dc639d5e99c78f95393aa9a5f1170d4,2024-04-23,Greed,360.32138,12,3366.369166666667,True,91.0958904109589,40396.43
0x75f7eeb85dc639d5e99c78f95393aa9a5f1170d4,2024-05-03,Neutral,-13.844579999999999,7,47.215714285714284,False,91.0958904109589,330.51
0x75f7eeb85dc639d5e99c78f95393aa9a5f1170d4,2024-05-05,Greed,0.916,2,41.15,True,91.0958904109589,82.3
0x75f7eeb85dc639d5e99c78f95393aa9a5f1170d4,2024-05-07,Greed,0.0,1,47.59,False,91.0958904109589,47.59
0x75f7eeb85dc639d5e99c78f95393aa9a5f1170d4,2024-05-08,Greed,1.56576,3,46.46,True,91.0958904109589,139.38
0x75f7eeb85dc639d5e99c78f95393aa9a5f1170d4,2024-05-23,Extreme Greed,0.0,1,10.56,False,91.0958904109589,10.56
0x75f7eeb85dc639d5e99c78f95393aa9a5f1170d4,2024-06-13,Greed,-1.40304,1,11.97,False,91.0958904109589,11.97
0x75f7eeb85dc639d5e99c78f95393aa9a5f1170d4,2024-12-09,Extreme Greed,0.01574,7,16.731428571428573,True,91.0958904109589,117.12
0x75f7eeb85dc639d5e99c78f95393aa9a5f1170d4,2024-12-10,Extreme Greed,3634.56814,153,1401.238888888889,True,91.0958904109589,214389.55000000002
0x75f7eeb85dc639d5e99c78f95393aa9a5f1170d4,2024-12-11,Greed,1567.4026840000001,23,7024.881304347826,True,91.0958904109589,161572.27
0x75f7eeb85dc639d5e99c78f95393aa9a5f1170d4,2024-12-12,Extreme Greed,323.34897900000016,52,3563.27,True,91.0958904109589,185290.04
0x75f7eeb85dc639d5e99c78f95393aa9a5f1170d4,2024-12-13,Extreme Greed,8276.625256,26,4533.178461538461,True,91.0958904109589,117862.64
0x75f7eeb85dc639d5e99c78f95393aa9a5f1170d4,2024-12-14,Extreme Greed,-33.03286,36,1667.6102777777778,False,91.0958904109589,60033.97
0x75f7eeb85dc639d5e99c78f95393aa9a5f1170d4,2024-12-15,Extreme Greed,126.32543000000001,14,469.7357142857143,True,91.0958904109589,6576.3
0x75f7eeb85dc639d5e99c78f95393aa9a5f1170d4,2024-12-16,Extreme Greed,758.93225,10,5082.063,True,91.0958904109589,50820.630000000005
0x75f7eeb85dc639d5e99c78f95393aa9a5f1170d4,2024-12-17,Extreme Greed,3146.294798,67,1978.6264179104478,True,91.0958904109589,132567.97
0x75f7eeb85dc639d5e99c78f95393aa9a5f1170d4,2024-12-18,Extreme Greed,2507.193252,115,1492.9519130434783,True,91.0958904109589,171689.47
0x75f7eeb85dc639d5e99c78f95393aa9a5f1170d4,2024-12-19,Extreme Greed,13027.2866,235,2927.3372765957447,True,91.0958904109589,687924.26
0x75f7eeb85dc639d5e99c78f95393aa9a5f1170d4,2024-12-20,Greed,3509.273443,219,1042.2276712328767,True,91.0958904109589,228247.86000000002
0x75f7eeb85dc639d5e99c78f95393aa9a5f1170d4,2024-12-21,Greed,24.404600000000002,8,1607.23625,True,91.0958904109589,12857.89
0x75f7eeb85dc639d5e99c78f95393aa9a5f1170d4,2024-12-23,Greed,657.693565,51,1163.6007843137254,True,91.0958904109589,59343.64
0x75f7eeb85dc639d5e99c78f95393aa9a5f1170d4,2025-01-02,Greed,3429.9583199999997,53,3870.1449056603774,True,91.0958904109589,205117.68
0x75f7eeb85dc639d5e99c78f95393aa9a5f1170d4,2025-01-07,Extreme Greed,11206.706221,232,2729.2947413793104,True,91.0958904109589,633196.38
0x75f7eeb85dc639d5e99c78f95393aa9a5f1170d4,2025-01-08,Greed,3710.36178,49,4625.799183673469,True,91.0958904109589,226664.16
0x75f7eeb85dc639d5e99c78f95393aa9a5f1170d4,2025-01-13,Greed,3944.7294389999997,50,4342.4238000000005,True,91.0958904109589,217121.19
0x75f7eeb85dc639d5e99c78f95393aa9a5f1170d4,2025-01-14,Greed,104.68064,9,4696.798888888889,True,91.0958904109589,42271.19
0x75f7eeb85dc639d5e99c78f95393aa9a5f1170d4,2025-01-18,Extreme Greed,-3249.381438,33,7728.827272727272,False,91.0958904109589,255051.3
0x75f7eeb85dc639d5e99c78f95393aa9a5f1170d4,2025-01-20,Extreme Greed,16210.341667,409,1671.0059413202935,True,91.0958904109589,683441.43
0x75f7eeb85dc639d5e99c78f95393aa9a5f1170d4,2025-01-22,Extreme Greed,548.62199,35,2301.3917142857144,True,91.0958904109589,80548.71
0x75f7eeb85dc639d5e99c78f95393aa9a5f1170d4,2025-01-24,Extreme Greed,3540.716915,137,1282.6185401459854,True,91.0958904109589,175718.74
0x75f7eeb85dc639d5e99c78f95393aa9a5f1170d4,2025-01-27,Greed,2582.715893,128,1981.91671875,True,91.0958904109589,253685.34
0x75f7eeb85dc639d5e99c78f95393aa9a5f1170d4,2025-01-28,Greed,1150.332823,37,3275.1991891891894,True,91.0958904109589,121182.37000000001
0x75f7eeb85dc639d5e99c78f95393aa9a5f1170d4,2025-01-29,Greed,45.381082,36,1330.8616666666667,True,91.0958904109589,47911.02
0x75f7eeb85dc639d5e99c78f95393aa9a5f1170d4,2025-01-30,Greed,5049.257348,134,2169.4271641791042,True,91.0958904109589,290703.24
0x75f7eeb85dc639d5e99c78f95393aa9a5f1170d4,2025-01-31,Extreme Greed,6216.099195999999,172,2295.991569767442,True,91.0958904109589,394910.55
0x75f7eeb85dc639d5e99c78f95393aa9a5f1170d4,2025-02-01,Greed,9609.447365,148,4026.3325675675674,True,91.0958904109589,595897.22
0x75f7eeb85dc639d5e99c78f95393aa9a5f1170d4,2025-02-03,Fear,14982.681725,351,2940.937606837607,True,91.0958904109589,1032269.1
0x75f7eeb85dc639d5e99c78f95393aa9a5f1170d4,2025-02-04,Greed,1985.815595,76,1605.050657894737,True,91.0958904109589,121983.85
0x75f7eeb85dc639d5e99c78f95393aa9a5f1170d4,2025-02-05,Neutral,14.590934,20,2107.2529999999997,True,91.0958904109589,42145.06
0x75f7eeb85dc639d5e99c78f95393aa9a5f1170d4,2025-02-06,Neutral,2055.538866,73,4675.59698630137,True,91.0958904109589,341318.58
0x75f7eeb85dc639d5e99c78f95393aa9a5f1170d4,2025-02-07,Fear,2648.450789,58,3997.0581034482757,True,91.0958904109589,231829.37
0x75f7eeb85dc639d5e99c78f95393aa9a5f1170d4,2025-02-08,Fear,235.47104,2,6882.275,True,91.0958904109589,13764.55
0x75f7eeb85dc639d5e99c78f95393aa9a5f1170d4,2025-02-09,Neutral,627.556755,71,1530.2932394366196,True,91.0958904109589,108650.81999999999
0x75f7eeb85dc639d5e99c78f95393aa9a5f1170d4,2025-02-10,Fear,990.674468,58,2647.6505172413795,True,91.0958904109589,153563.73
0x75f7eeb85dc639d5e99c78f95393aa9a5f1170d4,2025-02-11,Neutral,1053.5230999999999,5,7386.992,True,91.0958904109589,36934.96
0x75f7eeb85dc639d5e99c78f95393aa9a5f1170d4,2025-02-12,Neutral,-22303.603584,118,2953.0322881355933,False,91.0958904109589,348457.81
0x75f7eeb85dc639d5e99c78f95393aa9a5f1170d4,2025-02-13,Neutral,2390.12335,101,1278.79198019802,True,91.0958904109589,129157.99
0x75f7eeb85dc639d5e99c78f95393aa9a5f1170d4,2025-02-15,Neutral,462.740727,28,3875.14,True,91.0958904109589,108503.92
0x75f7eeb85dc639d5e99c78f95393aa9a5f1170d4,2025-02-16,Neutral,14.54605,5,341.232,True,91.0958904109589,1706.16
0x75f7eeb85dc639d5e99c78f95393aa9a5f1170d4,2025-02-18,Neutral,3112.721339,131,2398.0035877862597,True,91.0958904109589,314138.47000000003
0x75f7eeb85dc639d5e99c78f95393aa9a5f1170d4,2025-02-19,Fear,770.462266,221,1613.0980995475113,True,91.0958904109589,356494.68
0x75f7eeb85dc639d5e99c78f95393aa9a5f1170d4,2025-02-20,Neutral,1727.154021,69,2101.7873913043477,True,91.0958904109589,145023.33
0x75f7eeb85dc639d5e99c78f95393aa9a5f1170d4,2025-02-21,Greed,2720.828056,188,1504.8432978723404,True,91.0958904109589,282910.54
0x75f7eeb85dc639d5e99c78f95393aa9a5f1170d4,2025-02-22,Neutral,1437.17482,121,2194.715289256198,True,91.0958904109589,265560.55
0x75f7eeb85dc639d5e99c78f95393aa9a5f1170d4,2025-02-23,Neutral,1001.2053860000001,125,2364.3752000000004,True,91.0958904109589,295546.9
0x75f7eeb85dc639d5e99c78f95393aa9a5f1170d4,2025-02-25,Fear,3622.6256409999996,79,2395.0187341772153,True,91.0958904109589,189206.48
0x75f7eeb85dc639d5e99c78f95393aa9a5f1170d4,2025-02-26,Extreme Fear,5303.037252,86,3985.245697674419,True,91.0958904109589,342731.13
0x75f7eeb85dc639d5e99c78f95393aa9a5f1170d4,2025-03-02,Fear,948.6016900000001,12,3923.564166666667,True,91.0958904109589,47082.770000000004
0x75f7eeb85dc639d5e99c78f95393aa9a5f1170d4,2025-03-03,Fear,-370.250064,101,1018.7064356435644,False,91.0958904109589,102889.35
0x75f7eeb85dc639d5e99c78f95393aa9a5f1170d4,2025-03-05,Extreme Fear,-5843.04,2,42921.479999999996,False,91.0958904109589,85842.95999999999
0x75f7eeb85dc639d5e99c78f95393aa9a5f1170d4,2025-03-08,Fear,556.480533,18,1573.7972222222222,True,91.0958904109589,28328.35
0x75f7eeb85dc639d5e99c78f95393aa9a5f1170d4,2025-03-11,Extreme Fear,23670.188163,170,3202.6863529411767,True,91.0958904109589,544456.68
0x75f7eeb85dc639d5e99c78f95393aa9a5f1170d4,2025-03-12,Fear,788.209533,24,2053.1325,True,91.0958904109589,49275.18
0x75f7eeb85dc639d5e99c78f95393aa9a5f1170d4,2025-03-13,Neutral,216.69714,20,3998.917,True,91.0958904109589,79978.34
0x75f7eeb85dc639d5e99c78f95393aa9a5f1170d4,2025-03-15,Neutral,500.116094,33,1352.128787878788,True,91.0958904109589,44620.25
0x75f7eeb85dc639d5e99c78f95393aa9a5f1170d4,2025-03-16,Fear,941.32505,15,2071.034666666667,True,91.0958904109589,31065.52
0x75f7eeb85dc639d5e99c78f95393aa9a5f1170d4,2025-03-17,Fear,5845.632627,152,1292.3644736842105,True,91.0958904109589,196439.4
0x75f7eeb85dc639d5e99c78f95393aa9a5f1170d4,2025-03-18,Fear,82.269533,14,610.3228571428572,True,91.0958904109589,8544.52
0x75f7eeb85dc639d5e99c78f95393aa9a5f1170d4,2025-03-19,Fear,106.886191,43,1166.1046511627908,True,91.0958904109589,50142.5
0x75f7eeb85dc639d5e99c78f95393aa9a5f1170d4,2025-03-20,Neutral,646.76766,32,965.8490625,True,91.0958904109589,30907.17
0x75f7eeb85dc639d5e99c78f95393aa9a5f1170d4,2025-03-22,Fear,4462.921835,63,968.4492063492064,True,91.0958904109589,61012.3
0x75f7eeb85dc639d5e99c78f95393aa9a5f1170d4,2025-03-24,Neutral,80.95313,26,179.39076923076925,True,91.0958904109589,4664.160000000001
0x75f7eeb85dc639d5e99c78f95393aa9a5f1170d4,2025-03-25,Neutral,520.971268,29,2614.2506896551727,True,91.0958904109589,75813.27
0x75f7eeb85dc639d5e99c78f95393aa9a5f1170d4,2025-03-26,Neutral,96.945218,79,1384.9248101265823,True,91.0958904109589,109409.06
0x75f7eeb85dc639d5e99c78f95393aa9a5f1170d4,2025-03-29,Fear,133.123947,83,507.97253012048196,True,91.0958904109589,42161.72
0x75f7eeb85dc639d5e99c78f95393aa9a5f1170d4,2025-03-31,Fear,1239.24045,52,952.425,True,91.0958904109589,49526.1
0x75f7eeb85dc639d5e99c78f95393aa9a5f1170d4,2025-04-02,Fear,90.98474,11,2925.4536363636366,True,91.0958904109589,32179.99
0x75f7eeb85dc639d5e99c78f95393aa9a5f1170d4,2025-04-06,Fear,3370.85855,39,3952.829230769231,True,91.0958904109589,154160.34
0x75f7eeb85dc639d5e99c78f95393aa9a5f1170d4,2025-04-08,Extreme Fear,948.85929,43,1116.5534883720932,True,91.0958904109589,48011.8
0x75f7eeb85dc639d5e99c78f95393aa9a5f1170d4,2025-04-09,Extreme Fear,1593.7933500000001,15,3893.6853333333333,True,91.0958904109589,58405.28
0x75f7eeb85dc639d5e99c78f95393aa9a5f1170d4,2025-04-12,Fear,1442.90516,44,1396.4452272727274,True,91.0958904109589,61443.590000000004
0x75f7eeb85dc639d5e99c78f95393aa9a5f1170d4,2025-04-14,Fear,1828.36966,40,3124.96325,True,91.0958904109589,124998.53
0x75f7eeb85dc639d5e99c78f95393aa9a5f1170d4,2025-04-15,Fear,1208.695445,36,1633.111111111111,True,91.0958904109589,58792.0
0x75f7eeb85dc639d5e99c78f95393aa9a5f1170d4,2025-04-16,Fear,1674.357543,35,2679.161714285714,True,91.0958904109589,93770.65999999999
0x75f7eeb85dc639d5e99c78f95393aa9a5f1170d4,2025-04-18,Fear,471.89234,6,4048.5616666666665,True,91.0958904109589,24291.37
0x75f7eeb85dc639d5e99c78f95393aa9a5f1170d4,2025-04-19,Fear,1403.177311,55,1152.206909090909,True,91.0958904109589,63371.38
0x75f7eeb85dc639d5e99c78f95393aa9a5f1170d4,2025-04-20,Fear,-111.77234,52,1156.014423076923,False,91.0958904109589,60112.75
0x75f7eeb85dc639d5e99c78f95393aa9a5f1170d4,2025-04-22,Neutral,2933.203058,327,358.02122324159023,True,91.0958904109589,117072.94
0x75f7eeb85dc639d5e99c78f95393aa9a5f1170d4,2025-04-23,Greed,6439.07977,154,2393.760844155844,True,91.0958904109589,368639.17
0x75f7eeb85dc639d5e99c78f95393aa9a5f1170d4,2025-04-24,Greed,1250.2581989999999,29,2504.40724137931,True,91.0958904109589,72627.81
0x75f7eeb85dc639d5e99c78f95393aa9a5f1170d4,2025-04-25,Greed,1113.013801,99,777.5432323232324,True,91.0958904109589,76976.78
0x75f7eeb85dc639d5e99c78f95393aa9a5f1170d4,2025-04-26,Greed,3291.144446,113,1400.3834513274335,True,91.0958904109589,158243.33
0x75f7eeb85dc639d5e99c78f95393aa9a5f1170d4,2025-04-27,Greed,471.712989,83,1451.5227710843374,True,91.0958904109589,120476.39
0x75f7eeb85dc639d5e99c78f95393aa9a5f1170d4,2025-04-28,Neutral,728.966777,33,1052.2554545454545,True,91.0958904109589,34724.43
0x7f4f299f74eec87806a830e3caa9afa5f2b9db8f,2024-12-25,Greed,14.21524,4,1688.5525,True,61.53846153846154,6754.21
0x7f4f299f74eec87806a830e3caa9afa5f2b9db8f,2024-12-29,Greed,0.0,4,10819.605,False,61.53846153846154,43278.42
0x7f4f299f74eec87806a830e3caa9afa5f2b9db8f,2024-12-30,Greed,838.9844760000001,12,4069.070833333333,True,61.53846153846154,48828.85
0x7f4f299f74eec87806a830e3caa9afa5f2b9db8f,2024-12-31,Greed,0.0,1,8056.83,False,61.53846153846154,8056.83
0x7f4f299f74eec87806a830e3caa9afa5f2b9db8f,2025-01-01,Greed,0.0,3,7555.826666666667,False,61.53846153846154,22667.48
0x7f4f299f74eec87806a830e3caa9afa5f2b9db8f,2025-01-02,Greed,1008.518954,9,6758.5633333333335,True,61.53846153846154,60827.07
0x7f4f299f74eec87806a830e3caa9afa5f2b9db8f,2025-01-03,Greed,937.789615,26,1975.7373076923077,True,61.53846153846154,51369.17
0x7f4f299f74eec87806a830e3caa9afa5f2b9db8f,2025-01-05,Greed,1093.05677,7,1828.1614285714284,True,61.53846153846154,12797.13
0x7f4f299f74eec87806a830e3caa9afa5f2b9db8f,2025-01-06,Extreme Greed,1260.832586,1,12912.0,True,61.53846153846154,12912.0
0x7f4f299f74eec87806a830e3caa9afa5f2b9db8f,2025-01-07,Extreme Greed,0.0,1,5768.6,False,61.53846153846154,5768.6
0x7f4f299f74eec87806a830e3caa9afa5f2b9db8f,2025-01-08,Greed,0.0,11,2146.8445454545454,False,61.53846153846154,23615.29
0x7f4f299f74eec87806a830e3caa9afa5f2b9db8f,2025-01-09,Greed,0.0,1,9563.74,False,61.53846153846154,9563.74
0x7f4f299f74eec87806a830e3caa9afa5f2b9db8f,2025-01-13,Greed,1621.278931,4,7545.6675,True,61.53846153846154,30182.67
0x7f4f299f74eec87806a830e3caa9afa5f2b9db8f,2025-01-15,Greed,1261.448002,1,11647.74,True,61.53846153846154,11647.74
0x7f4f299f74eec87806a830e3caa9afa5f2b9db8f,2025-01-19,Extreme Greed,0.0,1,99.88,False,61.53846153846154,99.88
0x7f4f299f74eec87806a830e3caa9afa5f2b9db8f,2025-03-24,Neutral,-869.145978,2,8449.470000000001,False,61.53846153846154,16898.940000000002
0x7f4f299f74eec87806a830e3caa9afa5f2b9db8f,2025-03-26,Neutral,0.0,3,5632.456666666668,False,61.53846153846154,16897.370000000003
0x7f4f299f74eec87806a830e3caa9afa5f2b9db8f,2025-03-28,Fear,1130.350383,6,3004.626666666667,True,61.53846153846154,18027.760000000002
0x7f4f299f74eec87806a830e3caa9afa5f2b9db8f,2025-04-08,Extreme Fear,246.8944,26,2155.8880769230773,True,61.53846153846154,56053.090000000004
0x7f4f299f74eec87806a830e3caa9afa5f2b9db8f,2025-04-09,Extreme Fear,2975.927732,799,3494.2455444305383,True,61.53846153846154,2791902.19
0x7f4f299f74eec87806a830e3caa9afa5f2b9db8f,2025-04-10,Fear,-372.76464,105,6134.571428571428,False,61.53846153846154,644130.0
0x7f4f299f74eec87806a830e3caa9afa5f2b9db8f,2025-04-11,Fear,2550.108815,279,2348.0045519713262,True,61.53846153846154,655093.27
0x7f4f299f74eec87806a830e3caa9afa5f2b9db8f,2025-04-12,Fear,303.170149,120,3633.2355833333336,True,61.53846153846154,435988.27
0x7f4f299f74eec87806a830e3caa9afa5f2b9db8f,2025-04-13,Neutral,355.09,94,4544.766489361702,True,61.53846153846154,427208.05
0x7f4f299f74eec87806a830e3caa9afa5f2b9db8f,2025-04-17,Fear,425.687612,34,7388.688823529412,True,61.53846153846154,251215.42
0x7f4f299f74eec87806a830e3caa9afa5f2b9db8f,2025-04-22,Neutral,119.0,5,36540.202000000005,True,61.53846153846154,182701.01
0x8170715b3b381dffb7062c0298972d4727a0a63b,2024-12-17,Extreme Greed,0.0,14,2142.7757142857145,False,42.391304347826086,29998.86
0x8170715b3b381dffb7062c0298972d4727a0a63b,2024-12-18,Extreme Greed,0.0,1,4999.94,False,42.391304347826086,4999.94
0x8170715b3b381dffb7062c0298972d4727a0a63b,2024-12-27,Greed,453.853206,29,862.0348275862068,True,42.391304347826086,24999.01
0x8170715b3b381dffb7062c0298972d4727a0a63b,2024-12-28,Greed,343.092145,1,4999.89,True,42.391304347826086,4999.89
0x8170715b3b381dffb7062c0298972d4727a0a63b,2024-12-29,Greed,768.814445,4,1918.2925,True,42.391304347826086,7673.17
0x8170715b3b381dffb7062c0298972d4727a0a63b,2024-12-30,Greed,1211.511836,6,946.8850000000001,True,42.391304347826086,5681.31
0x8170715b3b381dffb7062c0298972d4727a0a63b,2024-12-31,Greed,306.563532,3,342.82,True,42.391304347826086,1028.46
0x8170715b3b381dffb7062c0298972d4727a0a63b,2025-01-02,Greed,739.18423,3,1004.1633333333334,True,42.391304347826086,3012.4900000000002
0x8170715b3b381dffb7062c0298972d4727a0a63b,2025-01-22,Extreme Greed,-179.521683,6,1873.8216666666667,False,42.391304347826086,11242.93
0x8170715b3b381dffb7062c0298972d4727a0a63b,2025-01-25,Extreme Greed,-18956.391598000002,29,4484.771379310345,False,42.391304347826086,130058.37
0x8170715b3b381dffb7062c0298972d4727a0a63b,2025-01-26,Greed,0.0,26,961.5796153846154,False,42.391304347826086,25001.07
0x8170715b3b381dffb7062c0298972d4727a0a63b,2025-01-27,Greed,0.0,22,681.8109090909091,False,42.391304347826086,14999.84
0x8170715b3b381dffb7062c0298972d4727a0a63b,2025-01-28,Greed,0.0,17,588.2223529411765,False,42.391304347826086,9999.78
0x8170715b3b381dffb7062c0298972d4727a0a63b,2025-01-29,Greed,0.0,7,999.9485714285714,False,42.391304347826086,6999.64
0x8170715b3b381dffb7062c0298972d4727a0a63b,2025-01-30,Greed,0.0,37,486.4764864864865,False,42.391304347826086,17999.63
0x8170715b3b381dffb7062c0298972d4727a0a63b,2025-01-31,Extreme Greed,0.0,48,625.6752083333333,False,42.391304347826086,30032.41
0x8170715b3b381dffb7062c0298972d4727a0a63b,2025-02-01,Greed,0.0,18,773.4088888888889,False,42.391304347826086,13921.36
0x8170715b3b381dffb7062c0298972d4727a0a63b,2025-02-02,Greed,0.0,30,1333.3373333333334,False,42.391304347826086,40000.12
0x8170715b3b381dffb7062c0298972d4727a0a63b,2025-02-03,Fear,13770.715332,119,355.00016806722687,True,42.391304347826086,42245.02
0x8170715b3b381dffb7062c0298972d4727a0a63b,2025-02-04,Greed,0.0,45,676.7046666666666,False,42.391304347826086,30451.71
0x8170715b3b381dffb7062c0298972d4727a0a63b,2025-02-05,Neutral,0.0,25,599.9928,False,42.391304347826086,14999.82
0x8170715b3b381dffb7062c0298972d4727a0a63b,2025-02-06,Neutral,0.0,17,470.57411764705876,False,42.391304347826086,7999.759999999999
0x8170715b3b381dffb7062c0298972d4727a0a63b,2025-02-07,Fear,0.0,9,666.651111111111,False,42.391304347826086,5999.86
0x8170715b3b381dffb7062c0298972d4727a0a63b,2025-02-08,Fear,0.0,5,999.984,False,42.391304347826086,4999.92
0x8170715b3b381dffb7062c0298972d4727a0a63b,2025-02-09,Neutral,0.0,87,137.93471264367815,False,42.391304347826086,12000.32
0x8170715b3b381dffb7062c0298972d4727a0a63b,2025-02-10,Fear,24.634532000000036,85,698.8723529411765,True,42.391304347826086,59404.15
0x8170715b3b381dffb7062c0298972d4727a0a63b,2025-02-11,Neutral,0.0,13,769.2253846153847,False,42.391304347826086,9999.93
0x8170715b3b381dffb7062c0298972d4727a0a63b,2025-02-12,Neutral,0.0,23,1086.9421739130435,False,42.391304347826086,24999.670000000002
0x8170715b3b381dffb7062c0298972d4727a0a63b,2025-02-13,Neutral,-3556.3882559999997,46,947.7369565217392,False,42.391304347826086,43595.9
0x8170715b3b381dffb7062c0298972d4727a0a63b,2025-02-14,Neutral,8781.96,311,2726.2494855305467,True,42.391304347826086,847863.59
0x8170715b3b381dffb7062c0298972d4727a0a63b,2025-02-15,Neutral,35346.87108,179,2418.771340782123,True,42.391304347826086,432960.07
0x8170715b3b381dffb7062c0298972d4727a0a63b,2025-02-16,Neutral,0.0,3,3333.296666666667,False,42.391304347826086,9999.890000000001
0x8170715b3b381dffb7062c0298972d4727a0a63b,2025-02-17,Neutral,0.0,6,2503.1749999999997,False,42.391304347826086,15019.05
0x8170715b3b381dffb7062c0298972d4727a0a63b,2025-02-18,Neutral,0.0,13,1923.0538461538463,False,42.391304347826086,24999.7
0x8170715b3b381dffb7062c0298972d4727a0a63b,2025-02-19,Fear,0.0,17,882.3423529411765,False,42.391304347826086,14999.82
0x8170715b3b381dffb7062c0298972d4727a0a63b,2025-02-20,Neutral,0.0,31,1129.0251612903226,False,42.391304347826086,34999.78
0x8170715b3b381dffb7062c0298972d4727a0a63b,2025-02-21,Greed,0.0,38,657.8865789473684,False,42.391304347826086,24999.690000000002
0x8170715b3b381dffb7062c0298972d4727a0a63b,2025-02-23,Neutral,0.0,4,1249.98,False,42.391304347826086,4999.92
0x8170715b3b381dffb7062c0298972d4727a0a63b,2025-02-25,Fear,8698.883848,39,641.0223076923077,True,42.391304347826086,24999.87
0x8170715b3b381dffb7062c0298972d4727a0a63b,2025-02-26,Extreme Fear,2225.835732,1,4999.92,True,42.391304347826086,4999.92
0x8170715b3b381dffb7062c0298972d4727a0a63b,2025-02-28,Extreme Fear,3309.75,7,714.2857142857143,True,42.391304347826086,5000.0
0x8170715b3b381dffb7062c0298972d4727a0a63b,2025-03-02,Fear,0.0,2,2499.975,False,42.391304347826086,4999.95
0x8170715b3b381dffb7062c0298972d4727a0a63b,2025-03-03,Fear,0.0,8,624.99375,False,42.391304347826086,4999.95
0x8170715b3b381dffb7062c0298972d4727a0a63b,2025-03-04,Extreme Fear,6939.47356,16,937.494375,True,42.391304347826086,14999.91
0x8170715b3b381dffb7062c0298972d4727a0a63b,2025-03-07,Fear,0.0,12,12499.980833333333,False,42.391304347826086,149999.77
0x8170715b3b381dffb7062c0298972d4727a0a63b,2025-03-08,Fear,0.0,38,2631.5215789473687,False,42.391304347826086,99997.82
0x8170715b3b381dffb7062c0298972d4727a0a63b,2025-03-09,Fear,3677.4965580000003,5,999.99,True,42.391304347826086,4999.95
0x8170715b3b381dffb7062c0298972d4727a0a63b,2025-03-10,Extreme Fear,4297.3227640000005,14,3928.565714285714,True,42.391304347826086,54999.92
0x8170715b3b381dffb7062c0298972d4727a0a63b,2025-03-11,Extreme Fear,0.0,8,624.9925000000001,False,42.391304347826086,4999.9400000000005
0x8170715b3b381dffb7062c0298972d4727a0a63b,2025-03-12,Fear,-2493.849701,11,4999.932727272728,False,42.391304347826086,54999.26
0x8170715b3b381dffb7062c0298972d4727a0a63b,2025-03-13,Neutral,0.0,37,1891.8805405405406,False,42.391304347826086,69999.58
0x8170715b3b381dffb7062c0298972d4727a0a63b,2025-03-14,Fear,584.05178,1,9999.89,True,42.391304347826086,9999.89
0x8170715b3b381dffb7062c0298972d4727a0a63b,2025-03-15,Neutral,763.755281,18,2222.1133333333332,True,42.391304347826086,39998.04
0x8170715b3b381dffb7062c0298972d4727a0a63b,2025-03-16,Fear,8368.226125000001,7,2856.945714285714,True,42.391304347826086,19998.62
0x8170715b3b381dffb7062c0298972d4727a0a63b,2025-03-17,Fear,0.0,72,1527.7720833333333,False,42.391304347826086,109999.59
0x8170715b3b381dffb7062c0298972d4727a0a63b,2025-03-18,Fear,0.0,59,1274.653559322034,False,42.391304347826086,75204.56
0x8170715b3b381dffb7062c0298972d4727a0a63b,2025-03-19,Fear,3036.68886,109,1511.8720183486237,True,42.391304347826086,164794.05
0x8170715b3b381dffb7062c0298972d4727a0a63b,2025-03-20,Neutral,652.062115,12,7589.970833333334,True,42.391304347826086,91079.65000000001
0x8170715b3b381dffb7062c0298972d4727a0a63b,2025-03-22,Fear,3082.76165,19,526.312105263158,True,42.391304347826086,9999.93
0x8170715b3b381dffb7062c0298972d4727a0a63b,2025-03-23,Fear,3464.777168,2,4999.96,True,42.391304347826086,9999.92
0x8170715b3b381dffb7062c0298972d4727a0a63b,2025-03-24,Neutral,2838.532396,47,2021.1748936170213,True,42.391304347826086,94995.22
0x8170715b3b381dffb7062c0298972d4727a0a63b,2025-03-25,Neutral,2164.09548,6,6666.248333333334,True,42.391304347826086,39997.490000000005
0x8170715b3b381dffb7062c0298972d4727a0a63b,2025-03-26,Neutral,619.572648,1,9998.76,True,42.391304347826086,9998.76
0x8170715b3b381dffb7062c0298972d4727a0a63b,2025-03-27,Fear,26714.79759,64,1071.89515625,True,42.391304347826086,68601.29
0x8170715b3b381dffb7062c0298972d4727a0a63b,2025-03-28,Fear,13956.614828,29,1137.9037931034482,True,42.391304347826086,32999.21
0x8170715b3b381dffb7062c0298972d4727a0a63b,2025-03-29,Fear,19573.830158,86,1162.7798837209302,True,42.391304347826086,99999.07
0x8170715b3b381dffb7062c0298972d4727a0a63b,2025-03-30,Fear,9683.820194,31,2259.391935483871,True,42.391304347826086,70041.15
0x8170715b3b381dffb7062c0298972d4727a0a63b,2025-03-31,Fear,5544.028638,8,4999.98625,True,42.391304347826086,39999.89
0x8170715b3b381dffb7062c0298972d4727a0a63b,2025-04-01,Fear,4004.50286,13,9495.466153846153,True,42.391304347826086,123441.06
0x8170715b3b381dffb7062c0298972d4727a0a63b,2025-04-02,Fear,8045.056928,7,2142.8557142857144,True,42.391304347826086,14999.990000000002
0x8170715b3b381dffb7062c0298972d4727a0a63b,2025-04-03,Fear,0.0,85,5629.0912941176475,False,42.391304347826086,478472.76
0x8170715b3b381dffb7062c0298972d4727a0a63b,2025-04-04,Fear,4805.345609999999,68,932.0805882352942,True,42.391304347826086,63381.48
0x8170715b3b381dffb7062c0298972d4727a0a63b,2025-04-06,Fear,17621.701092,14,13571.328571428572,True,42.391304347826086,189998.6
0x8170715b3b381dffb7062c0298972d4727a0a63b,2025-04-07,Extreme Fear,0.0,51,2744.2062745098037,False,42.391304347826086,139954.52
0x8170715b3b381dffb7062c0298972d4727a0a63b,2025-04-08,Extreme Fear,0.0,8,18749.877500000002,False,42.391304347826086,149999.02000000002
0x8170715b3b381dffb7062c0298972d4727a0a63b,2025-04-09,Extreme Fear,-4058.8889249999997,54,8168.482037037037,False,42.391304347826086,441098.03
0x8170715b3b381dffb7062c0298972d4727a0a63b,2025-04-10,Fear,4596.960442,89,3151.4488764044945,True,42.391304347826086,280478.95
0x8170715b3b381dffb7062c0298972d4727a0a63b,2025-04-11,Fear,-9584.869233000001,238,2846.985294117647,False,42.391304347826086,677582.5
0x8170715b3b381dffb7062c0298972d4727a0a63b,2025-04-12,Fear,0.0,22,2727.2445454545455,False,42.391304347826086,59999.380000000005
0x8170715b3b381dffb7062c0298972d4727a0a63b,2025-04-13,Neutral,0.0,18,2222.144444444444,False,42.391304347826086,39998.6
0x8170715b3b381dffb7062c0298972d4727a0a63b,2025-04-15,Fear,3204.26268,77,2727.2429870129868,True,42.391304347826086,209997.71
0x8170715b3b381dffb7062c0298972d4727a0a63b,2025-04-16,Fear,912.29492,39,3846.1415384615384,True,42.391304347826086,149999.52
0x8170715b3b381dffb7062c0298972d4727a0a63b,2025-04-17,Fear,0.0,96,1979.1661458333335,False,42.391304347826086,189999.95
0x8170715b3b381dffb7062c0298972d4727a0a63b,2025-04-18,Fear,0.0,46,3541.02152173913,False,42.391304347826086,162886.99
0x8170715b3b381dffb7062c0298972d4727a0a63b,2025-04-19,Fear,0.0,96,3511.545208333333,False,42.391304347826086,337108.33999999997
0x8170715b3b381dffb7062c0298972d4727a0a63b,2025-04-21,Fear,0.0,18,2652.518888888889,False,42.391304347826086,47745.34
0x8170715b3b381dffb7062c0298972d4727a0a63b,2025-04-22,Neutral,0.0,49,3515.344081632653,False,42.391304347826086,172251.86
0x8170715b3b381dffb7062c0298972d4727a0a63b,2025-04-23,Greed,-358963.139984,1242,2010.350297906602,False,42.391304347826086,2496855.07
0x8170715b3b381dffb7062c0298972d4727a0a63b,2025-04-24,Greed,398.646746,58,1319.3956896551724,True,42.391304347826086,76524.95
0x8170715b3b381dffb7062c0298972d4727a0a63b,2025-04-25,Greed,-1335.115406,39,1526.0666666666666,False,42.391304347826086,59516.6
0x8170715b3b381dffb7062c0298972d4727a0a63b,2025-04-26,Greed,-3925.864943,16,2147.34125,False,42.391304347826086,34357.46
0x8170715b3b381dffb7062c0298972d4727a0a63b,2025-04-27,Greed,-99.444041,12,768.4525,False,42.391304347826086,9221.43
0x8381e6d82f1affd39a336e143e081ef7620a3b7f,2024-11-29,Extreme Greed,0.0,3,668.3,False,38.88888888888889,2004.8999999999999
0x8381e6d82f1affd39a336e143e081ef7620a3b7f,2024-12-01,Extreme Greed,0.0,3,999.5866666666667,False,38.88888888888889,2998.76
0x8381e6d82f1affd39a336e143e081ef7620a3b7f,2024-12-02,Extreme Greed,0.0,6,340.65333333333336,False,38.88888888888889,2043.92
0x8381e6d82f1affd39a336e143e081ef7620a3b7f,2024-12-04,Extreme Greed,33.26141600000001,10,669.609,True,38.88888888888889,6696.09
0x8381e6d82f1affd39a336e143e081ef7620a3b7f,2024-12-05,Extreme Greed,0.0,2,294.265,False,38.88888888888889,588.53
0x8381e6d82f1affd39a336e143e081ef7620a3b7f,2024-12-06,Greed,0.0,1,292.11,False,38.88888888888889,292.11
0x8381e6d82f1affd39a336e143e081ef7620a3b7f,2024-12-07,Extreme Greed,0.0,3,1021.2966666666667,False,38.88888888888889,3063.8900000000003
0x8381e6d82f1affd39a336e143e081ef7620a3b7f,2024-12-08,Extreme Greed,-21.54374,5,984.758,False,38.88888888888889,4923.79
0x8381e6d82f1affd39a336e143e081ef7620a3b7f,2024-12-09,Extreme Greed,0.0,4,440.95,False,38.88888888888889,1763.8
0x8381e6d82f1affd39a336e143e081ef7620a3b7f,2024-12-10,Extreme Greed,0.0,1,587.97,False,38.88888888888889,587.97
0x8381e6d82f1affd39a336e143e081ef7620a3b7f,2024-12-13,Extreme Greed,0.0,3,128.88333333333333,False,38.88888888888889,386.65
0x8381e6d82f1affd39a336e143e081ef7620a3b7f,2024-12-15,Extreme Greed,0.0,5,739.626,False,38.88888888888889,3698.13
0x8381e6d82f1affd39a336e143e081ef7620a3b7f,2024-12-19,Extreme Greed,0.0,1,1399.11,False,38.88888888888889,1399.11
0x8381e6d82f1affd39a336e143e081ef7620a3b7f,2024-12-22,Greed,0.0,1,2815.79,False,38.88888888888889,2815.79
0x8381e6d82f1affd39a336e143e081ef7620a3b7f,2024-12-23,Greed,0.0,6,2855.656666666667,False,38.88888888888889,17133.940000000002
0x8381e6d82f1affd39a336e143e081ef7620a3b7f,2024-12-26,Extreme Greed,0.0,2,1914.0,False,38.88888888888889,3828.0
0x8381e6d82f1affd39a336e143e081ef7620a3b7f,2025-01-01,Greed,0.0,5,200.802,False,38.88888888888889,1004.01
0x8381e6d82f1affd39a336e143e081ef7620a3b7f,2025-01-04,Greed,0.0,2,710.865,False,38.88888888888889,1421.73
0x8381e6d82f1affd39a336e143e081ef7620a3b7f,2025-01-05,Greed,0.0,1,456.83,False,38.88888888888889,456.83
0x8381e6d82f1affd39a336e143e081ef7620a3b7f,2025-01-09,Greed,0.0,4,1509.6399999999999,False,38.88888888888889,6038.5599999999995
0x8381e6d82f1affd39a336e143e081ef7620a3b7f,2025-01-18,Extreme Greed,0.0,7,2950.0099999999998,False,38.88888888888889,20650.07
0x8381e6d82f1affd39a336e143e081ef7620a3b7f,2025-01-25,Extreme Greed,0.0,25,3223.1059999999998,False,38.88888888888889,80577.65
0x8381e6d82f1affd39a336e143e081ef7620a3b7f,2025-01-26,Greed,38294.693499,123,7578.344634146341,True,38.88888888888889,932136.39
0x8381e6d82f1affd39a336e143e081ef7620a3b7f,2025-01-27,Greed,0.0,2,4443.99,False,38.88888888888889,8887.98
0x8381e6d82f1affd39a336e143e081ef7620a3b7f,2025-02-02,Greed,0.0,19,1943.7873684210526,False,38.88888888888889,36931.96
0x8381e6d82f1affd39a336e143e081ef7620a3b7f,2025-02-03,Fear,0.0,8,2351.285,False,38.88888888888889,18810.28
0x8381e6d82f1affd39a336e143e081ef7620a3b7f,2025-02-04,Greed,9167.620989,104,58124.15365384616,True,38.88888888888889,6044911.98
0x8381e6d82f1affd39a336e143e081ef7620a3b7f,2025-02-05,Neutral,1843.301845,327,2347.8439143730884,True,38.88888888888889,767744.96
0x8381e6d82f1affd39a336e143e081ef7620a3b7f,2025-02-06,Neutral,71.77363,167,1881.207604790419,True,38.88888888888889,314161.67
0x8381e6d82f1affd39a336e143e081ef7620a3b7f,2025-02-09,Neutral,1259.5314,103,6879.689611650486,True,38.88888888888889,708608.03
0x8381e6d82f1affd39a336e143e081ef7620a3b7f,2025-02-10,Fear,0.0,10,1089.435,False,38.88888888888889,10894.349999999999
0x8381e6d82f1affd39a336e143e081ef7620a3b7f,2025-02-11,Neutral,109.90750199999998,211,2385.7656398104264,True,38.88888888888889,503396.55
0x8381e6d82f1affd39a336e143e081ef7620a3b7f,2025-02-12,Neutral,2760.439779,81,12390.793456790123,True,38.88888888888889,1003654.27
0x8381e6d82f1affd39a336e143e081ef7620a3b7f,2025-02-13,Neutral,1998.702085,42,2039.3888095238096,True,38.88888888888889,85654.33
0x8381e6d82f1affd39a336e143e081ef7620a3b7f,2025-02-14,Neutral,27.247837999999998,40,445.2165,True,38.88888888888889,17808.66
0x8381e6d82f1affd39a336e143e081ef7620a3b7f,2025-02-16,Neutral,559.647247,80,1368.858375,True,38.88888888888889,109508.67
0x8381e6d82f1affd39a336e143e081ef7620a3b7f,2025-02-17,Neutral,64.346683,105,1112.2542857142857,True,38.88888888888889,116786.7
0x8381e6d82f1affd39a336e143e081ef7620a3b7f,2025-02-18,Neutral,3981.044269,177,1466.1342937853108,True,38.88888888888889,259505.77
0x8381e6d82f1affd39a336e143e081ef7620a3b7f,2025-02-21,Greed,8995.13393,8,15859.55,True,38.88888888888889,126876.4
0x8381e6d82f1affd39a336e143e081ef7620a3b7f,2025-02-23,Neutral,0.0,40,472.709,False,38.88888888888889,18908.36
0x8381e6d82f1affd39a336e143e081ef7620a3b7f,2025-02-24,Neutral,0.0,44,1894.8688636363636,False,38.88888888888889,83374.23
0x8381e6d82f1affd39a336e143e081ef7620a3b7f,2025-02-25,Fear,0.0,4,3685.7825,False,38.88888888888889,14743.13
0x8381e6d82f1affd39a336e143e081ef7620a3b7f,2025-03-26,Neutral,0.0,1,1134.46,False,38.88888888888889,1134.46
0x8381e6d82f1affd39a336e143e081ef7620a3b7f,2025-04-07,Extreme Fear,-4968.487948,26,7609.877692307693,False,38.88888888888889,197856.82
0x8381e6d82f1affd39a336e143e081ef7620a3b7f,2025-04-08,Extreme Fear,142.99159,23,3984.7504347826084,True,38.88888888888889,91649.26
0x8381e6d82f1affd39a336e143e081ef7620a3b7f,2025-04-11,Fear,0.0,3,6864.066666666667,False,38.88888888888889,20592.2
0x8381e6d82f1affd39a336e143e081ef7620a3b7f,2025-04-12,Fear,202.27562,8,2599.29625,True,38.88888888888889,20794.37
0x8381e6d82f1affd39a336e143e081ef7620a3b7f,2025-04-19,Fear,56.13971,22,665.6886363636363,True,38.88888888888889,14645.15
0x8381e6d82f1affd39a336e143e081ef7620a3b7f,2025-04-22,Neutral,284.16768,2,66188.125,True,38.88888888888889,132376.25
0x8381e6d82f1affd39a336e143e081ef7620a3b7f,2025-04-23,Greed,0.0,4,17801.63,False,38.88888888888889,71206.52
0x8381e6d82f1affd39a336e143e081ef7620a3b7f,2025-04-26,Greed,505.40523,3,23903.97666666667,True,38.88888888888889,71711.93000000001
0x8381e6d82f1affd39a336e143e081ef7620a3b7f,2025-04-27,Greed,33.061386999999996,13,1032.253846153846,True,38.88888888888889,13419.3
0x8381e6d82f1affd39a336e143e081ef7620a3b7f,2025-04-28,Neutral,0.0,10,799.756,False,38.88888888888889,7997.5599999999995
0x8381e6d82f1affd39a336e143e081ef7620a3b7f,2025-04-29,Greed,112.996265,1,8110.65,True,38.88888888888889,8110.65
0x8477e447846c758f5a675856001ea72298fd9cb5,2024-05-23,Extreme Greed,413.347329,305,1074.7592786885245,True,75.86206896551724,327801.58
0x8477e447846c758f5a675856001ea72298fd9cb5,2024-05-25,Extreme Greed,14.126038999999999,14,355.9985714285714,True,75.86206896551724,4983.98
0x8477e447846c758f5a675856001ea72298fd9cb5,2024-05-26,Extreme Greed,5.2257,7,459.03142857142853,True,75.86206896551724,3213.22
0x8477e447846c758f5a675856001ea72298fd9cb5,2024-05-27,Greed,1129.35587,251,602.0546613545816,True,75.86206896551724,151115.72
0x8477e447846c758f5a675856001ea72298fd9cb5,2024-05-29,Greed,277.791953,159,337.7447798742138,True,75.86206896551724,53701.42
0x8477e447846c758f5a675856001ea72298fd9cb5,2024-05-30,Greed,20.951433,7,405.4414285714286,True,75.86206896551724,2838.09
0x8477e447846c758f5a675856001ea72298fd9cb5,2024-05-31,Greed,25.35812,13,279.70307692307694,True,75.86206896551724,3636.14
0x8477e447846c758f5a675856001ea72298fd9cb5,2024-06-01,Greed,91.510419,25,513.3848,True,75.86206896551724,12834.62
0x8477e447846c758f5a675856001ea72298fd9cb5,2024-06-02,Greed,192.906947,93,316.822688172043,True,75.86206896551724,29464.51
0x8477e447846c758f5a675856001ea72298fd9cb5,2024-06-03,Greed,562.808208,70,306.66942857142857,True,75.86206896551724,21466.86
0x8477e447846c758f5a675856001ea72298fd9cb5,2024-06-04,Greed,52.211438,53,457.42283018867926,True,75.86206896551724,24243.41
0x8477e447846c758f5a675856001ea72298fd9cb5,2024-06-05,Extreme Greed,56.055506,54,469.4587037037037,True,75.86206896551724,25350.77
0x8477e447846c758f5a675856001ea72298fd9cb5,2024-06-06,Extreme Greed,274.173187,234,587.8536752136753,True,75.86206896551724,137557.76
0x8477e447846c758f5a675856001ea72298fd9cb5,2024-06-07,Extreme Greed,1573.244278,374,832.9677272727273,True,75.86206896551724,311529.93
0x8477e447846c758f5a675856001ea72298fd9cb5,2024-06-08,Greed,129.13883900000002,22,2379.510454545454,True,75.86206896551724,52349.229999999996
0x8477e447846c758f5a675856001ea72298fd9cb5,2024-06-10,Greed,31.266804999999998,49,460.97204081632657,True,75.86206896551724,22587.63
0x8477e447846c758f5a675856001ea72298fd9cb5,2024-06-11,Greed,51.081143,27,696.6096296296296,True,75.86206896551724,18808.46
0x8477e447846c758f5a675856001ea72298fd9cb5,2024-06-12,Greed,-21886.531493,217,884.2718433179723,False,75.86206896551724,191886.99
0x8477e447846c758f5a675856001ea72298fd9cb5,2024-07-17,Greed,1859.269477,335,1346.5090746268656,True,75.86206896551724,451080.54
0x8477e447846c758f5a675856001ea72298fd9cb5,2024-07-18,Greed,1233.9043470000001,7,1049.82,True,75.86206896551724,7348.74
0x8477e447846c758f5a675856001ea72298fd9cb5,2024-07-19,Greed,35.79975,7,592.3885714285715,True,75.86206896551724,4146.72
0x8477e447846c758f5a675856001ea72298fd9cb5,2024-07-20,Greed,2169.508265,257,562.1888715953307,True,75.86206896551724,144482.54
0x8477e447846c758f5a675856001ea72298fd9cb5,2024-07-21,Greed,-2960.716887,445,427.66804494382023,False,75.86206896551724,190312.28
0x8477e447846c758f5a675856001ea72298fd9cb5,2024-07-22,Greed,-756.173134,133,593.273909774436,False,75.86206896551724,78905.43
0x8477e447846c758f5a675856001ea72298fd9cb5,2024-07-23,Greed,1805.309858,139,640.1771942446044,True,75.86206896551724,88984.63
0x8477e447846c758f5a675856001ea72298fd9cb5,2024-07-24,Greed,625.561479,29,1215.0548275862068,True,75.86206896551724,35236.59
0x8477e447846c758f5a675856001ea72298fd9cb5,2024-07-26,Greed,341.250124,111,1316.2212612612611,True,75.86206896551724,146100.56
0x8477e447846c758f5a675856001ea72298fd9cb5,2024-07-27,Greed,0.0,5,888.552,False,75.86206896551724,4442.76
0x8477e447846c758f5a675856001ea72298fd9cb5,2024-07-28,Greed,587.29903,13,865.7684615384616,True,75.86206896551724,11254.99
0x8477e447846c758f5a675856001ea72298fd9cb5,2024-07-29,Greed,217.857529,15,1797.1860000000001,True,75.86206896551724,26957.79
0x8477e447846c758f5a675856001ea72298fd9cb5,2024-07-31,Greed,765.690884,40,1112.535,True,75.86206896551724,44501.4
0x8477e447846c758f5a675856001ea72298fd9cb5,2024-08-01,Neutral,167.080017,34,1432.7749999999999,True,75.86206896551724,48714.35
0x8477e447846c758f5a675856001ea72298fd9cb5,2024-08-02,Greed,228.247701,15,1984.4720000000002,True,75.86206896551724,29767.08
0x8477e447846c758f5a675856001ea72298fd9cb5,2024-08-03,Fear,464.1897,1,4534.09,True,75.86206896551724,4534.09
0x8477e447846c758f5a675856001ea72298fd9cb5,2024-08-04,Fear,109.005815,17,2129.0517647058823,True,75.86206896551724,36193.88
0x8477e447846c758f5a675856001ea72298fd9cb5,2024-08-05,Fear,160.44369899999998,17,2357.7947058823524,True,75.86206896551724,40082.509999999995
0x8477e447846c758f5a675856001ea72298fd9cb5,2024-08-09,Neutral,151.092375,69,635.3107246376812,True,75.86206896551724,43836.44
0x8477e447846c758f5a675856001ea72298fd9cb5,2024-08-20,Fear,0.0,4,1874.2325,False,75.86206896551724,7496.93
0x8477e447846c758f5a675856001ea72298fd9cb5,2024-08-21,Fear,656.200925,143,720.2106993006994,True,75.86206896551724,102990.13
0x8477e447846c758f5a675856001ea72298fd9cb5,2024-08-31,Fear,10.882801,24,312.76375,True,75.86206896551724,7506.33
0x8477e447846c758f5a675856001ea72298fd9cb5,2024-09-01,Fear,137.433093,12,1029.9733333333334,True,75.86206896551724,12359.68
0x8477e447846c758f5a675856001ea72298fd9cb5,2024-10-20,Greed,160.095271,90,624.6905555555555,True,75.86206896551724,56222.15
0x8477e447846c758f5a675856001ea72298fd9cb5,2024-10-21,Greed,2464.915564,162,1074.6531481481481,True,75.86206896551724,174093.81
0x8477e447846c758f5a675856001ea72298fd9cb5,2024-10-29,Greed,801.170876,16,668.305625,True,75.86206896551724,10692.89
0x8477e447846c758f5a675856001ea72298fd9cb5,2024-10-30,Extreme Greed,9.150023,25,473.23400000000004,True,75.86206896551724,11830.85
0x8477e447846c758f5a675856001ea72298fd9cb5,2024-10-31,Extreme Greed,451.122034,11,1143.8036363636363,True,75.86206896551724,12581.84
0x8477e447846c758f5a675856001ea72298fd9cb5,2024-11-09,Extreme Greed,102.90894,77,563.4285714285714,True,75.86206896551724,43384.0
0x8477e447846c758f5a675856001ea72298fd9cb5,2024-11-10,Extreme Greed,442.748384,164,1361.297987804878,True,75.86206896551724,223252.87
0x8477e447846c758f5a675856001ea72298fd9cb5,2024-11-11,Extreme Greed,4876.874304,172,1907.2104069767443,True,75.86206896551724,328040.19
0x8477e447846c758f5a675856001ea72298fd9cb5,2024-11-12,Extreme Greed,1441.27965,91,1631.5342857142857,True,75.86206896551724,148469.62
0x8477e447846c758f5a675856001ea72298fd9cb5,2024-11-13,Extreme Greed,48.000187,4,1653.81,True,75.86206896551724,6615.24
0x8477e447846c758f5a675856001ea72298fd9cb5,2024-11-15,Extreme Greed,0.0,2,555.8050000000001,False,75.86206896551724,1111.6100000000001
0x8477e447846c758f5a675856001ea72298fd9cb5,2024-11-16,Extreme Greed,870.746565,30,674.5303333333334,True,75.86206896551724,20235.91
0x8477e447846c758f5a675856001ea72298fd9cb5,2024-11-17,Extreme Greed,175.061007,20,979.567,True,75.86206896551724,19591.34
0x8477e447846c758f5a675856001ea72298fd9cb5,2024-11-18,Extreme Greed,431.960709,79,968.6977215189872,True,75.86206896551724,76527.12
0x8477e447846c758f5a675856001ea72298fd9cb5,2024-11-19,Extreme Greed,906.2475900000001,56,1511.193392857143,True,75.86206896551724,84626.83
0x8477e447846c758f5a675856001ea72298fd9cb5,2024-11-20,Extreme Greed,447.920315,32,2027.2915625,True,75.86206896551724,64873.33
0x8477e447846c758f5a675856001ea72298fd9cb5,2024-11-21,Extreme Greed,0.0,57,1398.0726315789473,False,75.86206896551724,79690.14
0x8477e447846c758f5a675856001ea72298fd9cb5,2024-11-22,Extreme Greed,365.437929,137,2588.8760583941607,True,75.86206896551724,354676.02
0x8477e447846c758f5a675856001ea72298fd9cb5,2024-11-23,Extreme Greed,1439.449718,191,2003.0396858638744,True,75.86206896551724,382580.58
0x8477e447846c758f5a675856001ea72298fd9cb5,2024-11-24,Extreme Greed,391.890903,70,1866.554,True,75.86206896551724,130658.78
0x8477e447846c758f5a675856001ea72298fd9cb5,2024-11-28,Extreme Greed,0.0,6,416.6333333333334,False,75.86206896551724,2499.8
0x8477e447846c758f5a675856001ea72298fd9cb5,2024-11-29,Extreme Greed,22697.489906,63,695.2509523809523,True,75.86206896551724,43800.81
0x8477e447846c758f5a675856001ea72298fd9cb5,2024-11-30,Extreme Greed,40.699929,76,636.261447368421,True,75.86206896551724,48355.87
0x8477e447846c758f5a675856001ea72298fd9cb5,2024-12-01,Extreme Greed,1169.432253,123,893.489918699187,True,75.86206896551724,109899.26
0x8477e447846c758f5a675856001ea72298fd9cb5,2024-12-02,Extreme Greed,254.15562,8,1667.92875,True,75.86206896551724,13343.43
0x8477e447846c758f5a675856001ea72298fd9cb5,2024-12-03,Extreme Greed,-158.695661,6,2708.735,False,75.86206896551724,16252.410000000002
0x8477e447846c758f5a675856001ea72298fd9cb5,2025-01-02,Greed,45.086985,77,332.6585714285714,True,75.86206896551724,25614.71
0x8477e447846c758f5a675856001ea72298fd9cb5,2025-01-03,Greed,909.1721379999999,177,251.76581920903956,True,75.86206896551724,44562.55
0x8477e447846c758f5a675856001ea72298fd9cb5,2025-01-04,Greed,30.818079,51,182.9343137254902,True,75.86206896551724,9329.65
0x8477e447846c758f5a675856001ea72298fd9cb5,2025-01-05,Greed,151.429584,51,209.45666666666668,True,75.86206896551724,10682.29
0x8477e447846c758f5a675856001ea72298fd9cb5,2025-01-06,Extreme Greed,272.131501,266,246.8388345864662,True,75.86206896551724,65659.13
0x8477e447846c758f5a675856001ea72298fd9cb5,2025-01-07,Extreme Greed,4334.417218,222,618.5525225225225,True,75.86206896551724,137318.66
0x8477e447846c758f5a675856001ea72298fd9cb5,2025-01-08,Greed,1303.127763,390,410.6838717948718,True,75.86206896551724,160166.71
0x8477e447846c758f5a675856001ea72298fd9cb5,2025-01-09,Greed,123.72129899999999,222,448.987027027027,True,75.86206896551724,99675.12
0x8477e447846c758f5a675856001ea72298fd9cb5,2025-01-10,Neutral,1189.078864,254,476.30413385826773,True,75.86206896551724,120981.25
0x8477e447846c758f5a675856001ea72298fd9cb5,2025-01-11,Greed,417.647169,82,435.32475609756096,True,75.86206896551724,35696.63
0x8477e447846c758f5a675856001ea72298fd9cb5,2025-01-12,Greed,0.0,15,332.6786666666667,False,75.86206896551724,4990.18
0x8477e447846c758f5a675856001ea72298fd9cb5,2025-01-13,Greed,2060.162946,58,827.8527586206897,True,75.86206896551724,48015.46
0x8477e447846c758f5a675856001ea72298fd9cb5,2025-01-14,Greed,82.032118,13,565.48,True,75.86206896551724,7351.24
0x8477e447846c758f5a675856001ea72298fd9cb5,2025-01-15,Greed,240.93138,64,456.34046875,True,75.86206896551724,29205.79
0x8477e447846c758f5a675856001ea72298fd9cb5,2025-01-16,Extreme Greed,218.26223099999999,34,471.515,True,75.86206896551724,16031.51
0x8477e447846c758f5a675856001ea72298fd9cb5,2025-01-17,Extreme Greed,43.69239,13,423.4723076923077,True,75.86206896551724,5505.14
0x8477e447846c758f5a675856001ea72298fd9cb5,2025-01-18,Extreme Greed,1055.8044439999999,40,565.99425,True,75.86206896551724,22639.77
0x8477e447846c758f5a675856001ea72298fd9cb5,2025-01-19,Extreme Greed,0.0,13,508.26307692307694,False,75.86206896551724,6607.42
0x8477e447846c758f5a675856001ea72298fd9cb5,2025-01-20,Extreme Greed,1876.265511,44,674.2861363636364,True,75.86206896551724,29668.59
0x8477e447846c758f5a675856001ea72298fd9cb5,2025-01-21,Extreme Greed,201.672306,206,288.69718446601945,True,75.86206896551724,59471.62
0x8477e447846c758f5a675856001ea72298fd9cb5,2025-01-22,Extreme Greed,261.367634,147,590.73,True,75.86206896551724,86837.31
0x8477e447846c758f5a675856001ea72298fd9cb5,2025-01-23,Extreme Greed,7503.093009,275,646.8723272727273,True,75.86206896551724,177889.88999999998
0x8477e447846c758f5a675856001ea72298fd9cb5,2025-01-24,Extreme Greed,288.144978,61,349.93508196721314,True,75.86206896551724,21346.04
0x8477e447846c758f5a675856001ea72298fd9cb5,2025-01-25,Extreme Greed,1125.196124,111,498.1863963963964,True,75.86206896551724,55298.69
0x8477e447846c758f5a675856001ea72298fd9cb5,2025-01-26,Greed,444.464792,96,815.5705208333334,True,75.86206896551724,78294.77
0x8477e447846c758f5a675856001ea72298fd9cb5,2025-01-27,Greed,4321.583225,31,1396.8890322580644,True,75.86206896551724,43303.56
0x8477e447846c758f5a675856001ea72298fd9cb5,2025-01-29,Greed,0.0,13,452.09615384615387,False,75.86206896551724,5877.25
0x8477e447846c758f5a675856001ea72298fd9cb5,2025-01-30,Greed,0.0,9,307.96333333333337,False,75.86206896551724,2771.67
0x8477e447846c758f5a675856001ea72298fd9cb5,2025-01-31,Extreme Greed,151.311363,66,527.1548484848485,True,75.86206896551724,34792.22
0x8477e447846c758f5a675856001ea72298fd9cb5,2025-02-01,Greed,1579.909758,60,615.154,True,75.86206896551724,36909.24
0x8477e447846c758f5a675856001ea72298fd9cb5,2025-02-02,Greed,1023.934713,60,1069.4091666666668,True,75.86206896551724,64164.55
0x8477e447846c758f5a675856001ea72298fd9cb5,2025-02-03,Fear,1474.607584,138,1645.3448550724638,True,75.86206896551724,227057.59
0x8477e447846c758f5a675856001ea72298fd9cb5,2025-02-04,Greed,0.0,6,462.50499999999994,False,75.86206896551724,2775.0299999999997
0x8477e447846c758f5a675856001ea72298fd9cb5,2025-02-05,Neutral,554.257954,20,554.9604999999999,True,75.86206896551724,11099.21
0x8477e447846c758f5a675856001ea72298fd9cb5,2025-02-07,Fear,0.0,6,277.15333333333336,False,75.86206896551724,1662.92
0x8477e447846c758f5a675856001ea72298fd9cb5,2025-02-08,Fear,131.753274,8,329.95875,True,75.86206896551724,2639.67
0x8477e447846c758f5a675856001ea72298fd9cb5,2025-02-09,Neutral,312.034872,65,322.47153846153844,True,75.86206896551724,20960.649999999998
0x8477e447846c758f5a675856001ea72298fd9cb5,2025-02-10,Fear,131.17446,46,585.3667391304348,True,75.86206896551724,26926.87
0x8477e447846c758f5a675856001ea72298fd9cb5,2025-02-11,Neutral,56.537437,19,569.5515789473684,True,75.86206896551724,10821.48
0x8477e447846c758f5a675856001ea72298fd9cb5,2025-02-12,Neutral,299.669854,30,410.9486666666666,True,75.86206896551724,12328.46
0x8477e447846c758f5a675856001ea72298fd9cb5,2025-02-13,Neutral,181.456277,25,264.2908,True,75.86206896551724,6607.2699999999995
0x8477e447846c758f5a675856001ea72298fd9cb5,2025-02-14,Neutral,0.0,10,254.971,False,75.86206896551724,2549.71
0x8477e447846c758f5a675856001ea72298fd9cb5,2025-02-15,Neutral,49.98382900000001,9,437.9866666666667,True,75.86206896551724,3941.88
0x8477e447846c758f5a675856001ea72298fd9cb5,2025-02-16,Neutral,0.0,1,555.02,False,75.86206896551724,555.02
0x8477e447846c758f5a675856001ea72298fd9cb5,2025-02-17,Neutral,0.0,20,510.6405,False,75.86206896551724,10212.81
0x8477e447846c758f5a675856001ea72298fd9cb5,2025-02-18,Neutral,950.815596,23,644.1191304347826,True,75.86206896551724,14814.74
0x8477e447846c758f5a675856001ea72298fd9cb5,2025-02-19,Fear,0.0,9,832.99,False,75.86206896551724,7496.91
0x8477e447846c758f5a675856001ea72298fd9cb5,2025-02-22,Neutral,-80.922744,18,343.5022222222222,False,75.86206896551724,6183.04
0x8477e447846c758f5a675856001ea72298fd9cb5,2025-02-23,Neutral,63.922728,24,574.5508333333333,True,75.86206896551724,13789.22
0x8477e447846c758f5a675856001ea72298fd9cb5,2025-02-24,Neutral,1282.097568,55,874.9930909090909,True,75.86206896551724,48124.62
0x8477e447846c758f5a675856001ea72298fd9cb5,2025-02-25,Fear,0.0,4,1249.875,False,75.86206896551724,4999.5
0x8477e447846c758f5a675856001ea72298fd9cb5,2025-02-26,Extreme Fear,108.13869,14,642.3542857142858,True,75.86206896551724,8992.960000000001
0x8477e447846c758f5a675856001ea72298fd9cb5,2025-02-27,Extreme Fear,0.0,1,2499.69,False,75.86206896551724,2499.69
0x8477e447846c758f5a675856001ea72298fd9cb5,2025-02-28,Extreme Fear,268.367925,19,1126.7694736842104,True,75.86206896551724,21408.62
0x8477e447846c758f5a675856001ea72298fd9cb5,2025-03-03,Fear,468.35197800000003,68,575.8669117647058,True,75.86206896551724,39158.95
0x8477e447846c758f5a675856001ea72298fd9cb5,2025-03-04,Extreme Fear,54.2704,8,1117.82,True,75.86206896551724,8942.56
0x8477e447846c758f5a675856001ea72298fd9cb5,2025-03-05,Extreme Fear,34.86435,34,543.1394117647059,True,75.86206896551724,18466.739999999998
0x8477e447846c758f5a675856001ea72298fd9cb5,2025-03-06,Fear,0.0,7,110.53285714285714,False,75.86206896551724,773.73
0x8477e447846c758f5a675856001ea72298fd9cb5,2025-03-07,Fear,9.266712,2,554.57,True,75.86206896551724,1109.14
0x8477e447846c758f5a675856001ea72298fd9cb5,2025-03-09,Fear,969.56792,35,241.43400000000003,True,75.86206896551724,8450.19
0x8477e447846c758f5a675856001ea72298fd9cb5,2025-03-10,Extreme Fear,0.0,3,1666.1666666666667,False,75.86206896551724,4998.5
0x8477e447846c758f5a675856001ea72298fd9cb5,2025-03-11,Extreme Fear,94.48255800000001,8,1261.5125,True,75.86206896551724,10092.1
0x8477e447846c758f5a675856001ea72298fd9cb5,2025-03-12,Fear,0.0,3,666.82,False,75.86206896551724,2000.46
0x8477e447846c758f5a675856001ea72298fd9cb5,2025-03-13,Neutral,0.0,11,383.9627272727273,False,75.86206896551724,4223.59
0x8477e447846c758f5a675856001ea72298fd9cb5,2025-03-14,Fear,364.03788,5,1317.608,True,75.86206896551724,6588.04
0x8477e447846c758f5a675856001ea72298fd9cb5,2025-03-18,Fear,185.307189,24,445.26666666666665,True,75.86206896551724,10686.4
0x8477e447846c758f5a675856001ea72298fd9cb5,2025-03-19,Fear,0.0,9,598.3033333333333,False,75.86206896551724,5384.73
0x8477e447846c758f5a675856001ea72298fd9cb5,2025-03-20,Neutral,65.297516,11,483.58363636363634,True,75.86206896551724,5319.42
0x8477e447846c758f5a675856001ea72298fd9cb5,2025-03-21,Fear,0.0,2,443.555,False,75.86206896551724,887.11
0x8477e447846c758f5a675856001ea72298fd9cb5,2025-03-22,Fear,-41.40918,4,287.38,False,75.86206896551724,1149.52
0x8477e447846c758f5a675856001ea72298fd9cb5,2025-03-23,Fear,178.247768,37,554.7635135135135,True,75.86206896551724,20526.25
0x8477e447846c758f5a675856001ea72298fd9cb5,2025-03-24,Neutral,0.0,78,559.9092307692307,False,75.86206896551724,43672.92
0x8477e447846c758f5a675856001ea72298fd9cb5,2025-03-25,Neutral,994.196069,36,1272.072777777778,True,75.86206896551724,45794.62
0x8477e447846c758f5a675856001ea72298fd9cb5,2025-03-26,Neutral,27.5033,9,744.4566666666666,True,75.86206896551724,6700.11
0x8477e447846c758f5a675856001ea72298fd9cb5,2025-03-27,Fear,195.60777199999998,40,1138.75375,True,75.86206896551724,45550.15
0x8477e447846c758f5a675856001ea72298fd9cb5,2025-03-28,Fear,1617.77036,37,1225.1743243243243,True,75.86206896551724,45331.45
0x8477e447846c758f5a675856001ea72298fd9cb5,2025-03-29,Fear,7.57416,10,721.253,True,75.86206896551724,7212.530000000001
0x8477e447846c758f5a675856001ea72298fd9cb5,2025-03-30,Fear,267.13403800000003,8,681.61,True,75.86206896551724,5452.88
0x8477e447846c758f5a675856001ea72298fd9cb5,2025-03-31,Fear,92.902727,7,510.28000000000003,True,75.86206896551724,3571.96
0x8477e447846c758f5a675856001ea72298fd9cb5,2025-04-03,Fear,0.0,6,666.2016666666667,False,75.86206896551724,3997.21
0x8477e447846c758f5a675856001ea72298fd9cb5,2025-04-04,Fear,586.623362,54,483.5138888888889,True,75.86206896551724,26109.75
0x8477e447846c758f5a675856001ea72298fd9cb5,2025-04-05,Fear,0.0,4,624.745,False,75.86206896551724,2498.98
0x8477e447846c758f5a675856001ea72298fd9cb5,2025-04-06,Fear,67.080809,28,443.69,True,75.86206896551724,12423.32
0x8477e447846c758f5a675856001ea72298fd9cb5,2025-04-07,Extreme Fear,632.303024,270,1849.3804444444443,True,75.86206896551724,499332.72
0x8477e447846c758f5a675856001ea72298fd9cb5,2025-04-08,Extreme Fear,81.035707,46,828.6836956521738,True,75.86206896551724,38119.45
0x8477e447846c758f5a675856001ea72298fd9cb5,2025-04-09,Extreme Fear,500.847132,136,925.8802205882353,True,75.86206896551724,125919.70999999999
0x8477e447846c758f5a675856001ea72298fd9cb5,2025-04-10,Fear,-103.71342200000002,314,874.4072929936306,False,75.86206896551724,274563.89
0x8477e447846c758f5a675856001ea72298fd9cb5,2025-04-11,Fear,19.202581000000002,61,553.0408196721311,True,75.86206896551724,33735.49
0x8477e447846c758f5a675856001ea72298fd9cb5,2025-04-12,Fear,0.0,24,772.8058333333333,False,75.86206896551724,18547.34
0x8477e447846c758f5a675856001ea72298fd9cb5,2025-04-13,Neutral,1350.19094,287,820.2411846689896,True,75.86206896551724,235409.22
0x8477e447846c758f5a675856001ea72298fd9cb5,2025-04-14,Fear,236.725655,23,932.9834782608696,True,75.86206896551724,21458.62
0x8477e447846c758f5a675856001ea72298fd9cb5,2025-04-15,Fear,191.802066,38,520.8728947368421,True,75.86206896551724,19793.17
0x8477e447846c758f5a675856001ea72298fd9cb5,2025-04-16,Fear,71.93199,4,356.5375,True,75.86206896551724,1426.15
0x8477e447846c758f5a675856001ea72298fd9cb5,2025-04-18,Fear,0.0,20,383.0805,False,75.86206896551724,7661.61
0x8477e447846c758f5a675856001ea72298fd9cb5,2025-04-19,Fear,0.0,19,326.8852631578947,False,75.86206896551724,6210.82
0x8477e447846c758f5a675856001ea72298fd9cb5,2025-04-20,Fear,43.224447,44,328.4611363636364,True,75.86206896551724,14452.29
0x8477e447846c758f5a675856001ea72298fd9cb5,2025-04-21,Fear,596.556385,108,498.3961111111111,True,75.86206896551724,53826.78
0x8477e447846c758f5a675856001ea72298fd9cb5,2025-04-22,Neutral,-180.07315699999998,988,1169.5095344129554,False,75.86206896551724,1155475.42
0x8477e447846c758f5a675856001ea72298fd9cb5,2025-04-23,Greed,-27087.802198,1950,636.126676923077,False,75.86206896551724,1240447.02
0x8477e447846c758f5a675856001ea72298fd9cb5,2025-04-24,Greed,2397.669518,117,658.8346153846153,True,75.86206896551724,77083.65
0x8477e447846c758f5a675856001ea72298fd9cb5,2025-04-25,Greed,36.153454,207,1063.6844444444444,True,75.86206896551724,220182.68
0x8477e447846c758f5a675856001ea72298fd9cb5,2025-04-26,Greed,394.655169,70,1416.666857142857,True,75.86206896551724,99166.68
0x8477e447846c758f5a675856001ea72298fd9cb5,2025-04-27,Greed,78.78402200000001,20,1364.094,True,75.86206896551724,27281.88
0x8477e447846c758f5a675856001ea72298fd9cb5,2025-04-28,Neutral,-6424.928118,80,2193.325,False,75.86206896551724,175466.0
0x8477e447846c758f5a675856001ea72298fd9cb5,2025-04-29,Greed,-1793.442795,73,396.20082191780824,False,75.86206896551724,28922.66
0x8477e447846c758f5a675856001ea72298fd9cb5,2025-04-30,Greed,-1053.418063,87,985.3667816091954,False,75.86206896551724,85726.91
0x8477e447846c758f5a675856001ea72298fd9cb5,2025-05-01,Neutral,-200.94846,19,309.6568421052632,False,75.86206896551724,5883.4800000000005
0x92f17e8d81a944691c10e753af1b1baae1a2cd0d,2024-12-13,Extreme Greed,0.0,162,2468.940987654321,False,38.88888888888889,399968.44
0x92f17e8d81a944691c10e753af1b1baae1a2cd0d,2024-12-15,Extreme Greed,0.0,413,1890.1754237288135,False,38.88888888888889,780642.45
0x92f17e8d81a944691c10e753af1b1baae1a2cd0d,2024-12-16,Extreme Greed,55.987393,2,55.980000000000004,True,38.88888888888889,111.96000000000001
0x92f17e8d81a944691c10e753af1b1baae1a2cd0d,2024-12-17,Extreme Greed,0.0,1,0.0,False,38.88888888888889,0.0
0x92f17e8d81a944691c10e753af1b1baae1a2cd0d,2024-12-22,Greed,0.0,86,4111.969186046511,False,38.88888888888889,353629.35
0x92f17e8d81a944691c10e753af1b1baae1a2cd0d,2024-12-23,Greed,8639.369933,60,9857.592999999999,True,38.88888888888889,591455.58
0x92f17e8d81a944691c10e753af1b1baae1a2cd0d,2025-01-19,Extreme Greed,0.0,484,2098.6197107438015,False,38.88888888888889,1015731.94
0x92f17e8d81a944691c10e753af1b1baae1a2cd0d,2025-01-23,Extreme Greed,63464.28729,487,3015.5509856262834,True,38.88888888888889,1468573.33
0x92f17e8d81a944691c10e753af1b1baae1a2cd0d,2025-01-29,Greed,21987.812579,636,2604.86213836478,True,38.88888888888889,1656692.32
0x92f17e8d81a944691c10e753af1b1baae1a2cd0d,2025-02-02,Greed,12245.905048999999,169,2370.67449704142,True,38.88888888888889,400643.99
0x92f17e8d81a944691c10e753af1b1baae1a2cd0d,2025-02-07,Fear,0.0,2,46000.0,False,38.88888888888889,92000.0
0x92f17e8d81a944691c10e753af1b1baae1a2cd0d,2025-02-08,Fear,0.0,152,1771.9198684210526,False,38.88888888888889,269331.82
0x92f17e8d81a944691c10e753af1b1baae1a2cd0d,2025-02-24,Neutral,0.0,45,9481.510444444444,False,38.88888888888889,426667.97
0x92f17e8d81a944691c10e753af1b1baae1a2cd0d,2025-02-25,Fear,0.0,8,60250.0,False,38.88888888888889,482000.0
0x92f17e8d81a944691c10e753af1b1baae1a2cd0d,2025-04-07,Extreme Fear,3425.96095,68,9608.110294117647,True,38.88888888888889,653351.5
0x92f17e8d81a944691c10e753af1b1baae1a2cd0d,2025-04-14,Fear,-621.54506,25,20063.1732,False,38.88888888888889,501579.33
0x92f17e8d81a944691c10e753af1b1baae1a2cd0d,2025-04-16,Fear,0.0,4,42034.5,False,38.88888888888889,168138.0
0x92f17e8d81a944691c10e753af1b1baae1a2cd0d,2025-04-23,Greed,17381.164,248,6983.216774193548,True,38.88888888888889,1731837.76
0xa0feb3725a9335f49874d7cd8eaad6be45b27416,2024-12-13,Extreme Greed,2270.1241019999998,234,939.9077777777777,True,71.875,219938.41999999998
0xa0feb3725a9335f49874d7cd8eaad6be45b27416,2024-12-14,Extreme Greed,10281.503571,683,1674.4618155197657,True,71.875,1143657.42
0xa0feb3725a9335f49874d7cd8eaad6be45b27416,2024-12-15,Extreme Greed,3932.676736,748,1345.2046122994652,True,71.875,1006213.05
0xa0feb3725a9335f49874d7cd8eaad6be45b27416,2024-12-16,Extreme Greed,3923.071266,326,1710.5239570552149,True,71.875,557630.81
0xa0feb3725a9335f49874d7cd8eaad6be45b27416,2024-12-17,Extreme Greed,9080.193597,599,2051.6765609348913,True,71.875,1228954.26
0xa0feb3725a9335f49874d7cd8eaad6be45b27416,2024-12-18,Extreme Greed,2755.818564,314,1756.5612101910826,True,71.875,551560.22
0xa0feb3725a9335f49874d7cd8eaad6be45b27416,2024-12-19,Extreme Greed,5687.811638,439,1937.9936218678815,True,71.875,850779.2
0xa0feb3725a9335f49874d7cd8eaad6be45b27416,2024-12-20,Greed,5930.482942,243,1136.9883950617284,True,71.875,276288.18
0xa0feb3725a9335f49874d7cd8eaad6be45b27416,2024-12-21,Greed,2600.050242,331,1631.86501510574,True,71.875,540147.32
0xa0feb3725a9335f49874d7cd8eaad6be45b27416,2024-12-22,Greed,2718.982224,291,1754.1204123711339,True,71.875,510449.04
0xa0feb3725a9335f49874d7cd8eaad6be45b27416,2024-12-23,Greed,0.0,3,1403.5600000000002,False,71.875,4210.68
0xa0feb3725a9335f49874d7cd8eaad6be45b27416,2024-12-24,Greed,0.0,1,2994.6,False,71.875,2994.6
0xa0feb3725a9335f49874d7cd8eaad6be45b27416,2025-01-15,Greed,0.0,2,522.095,False,71.875,1044.19
0xa0feb3725a9335f49874d7cd8eaad6be45b27416,2025-01-18,Extreme Greed,0.0,53,1244.2596226415094,False,71.875,65945.76
0xa0feb3725a9335f49874d7cd8eaad6be45b27416,2025-01-20,Extreme Greed,0.0,1,2999.98,False,71.875,2999.98
0xa0feb3725a9335f49874d7cd8eaad6be45b27416,2025-01-22,Extreme Greed,140.995116,20,332.675,True,71.875,6653.5
0xa0feb3725a9335f49874d7cd8eaad6be45b27416,2025-01-23,Extreme Greed,0.0,6,569.92,False,71.875,3419.52
0xa0feb3725a9335f49874d7cd8eaad6be45b27416,2025-01-24,Extreme Greed,0.0,9,671.1622222222222,False,71.875,6040.46
0xa0feb3725a9335f49874d7cd8eaad6be45b27416,2025-01-27,Greed,0.0,20,449.921,False,71.875,8998.42
0xa0feb3725a9335f49874d7cd8eaad6be45b27416,2025-01-31,Extreme Greed,9719.053192,65,2959.078615384615,True,71.875,192340.11
0xa0feb3725a9335f49874d7cd8eaad6be45b27416,2025-02-01,Greed,923.487443,18,1390.1038888888888,True,71.875,25021.87
0xa0feb3725a9335f49874d7cd8eaad6be45b27416,2025-02-02,Greed,0.0,29,1210.4648275862069,False,71.875,35103.479999999996
0xa0feb3725a9335f49874d7cd8eaad6be45b27416,2025-02-03,Fear,2161.6751200000003,15,8577.862,True,71.875,128667.93
0xa0feb3725a9335f49874d7cd8eaad6be45b27416,2025-02-04,Greed,4624.583773,731,1221.8522845417237,True,71.875,893174.02
0xa0feb3725a9335f49874d7cd8eaad6be45b27416,2025-02-05,Neutral,-6194.283149,368,4161.944646739131,False,71.875,1531595.6300000001
0xa0feb3725a9335f49874d7cd8eaad6be45b27416,2025-02-06,Neutral,2780.135427,806,716.7850620347394,True,71.875,577728.76
0xa0feb3725a9335f49874d7cd8eaad6be45b27416,2025-02-07,Fear,6119.377807,787,1749.6032401524778,True,71.875,1376937.75
0xa0feb3725a9335f49874d7cd8eaad6be45b27416,2025-02-08,Fear,330.039883,328,764.5767682926829,True,71.875,250781.18
0xa0feb3725a9335f49874d7cd8eaad6be45b27416,2025-02-09,Neutral,183.593223,122,747.8363934426229,True,71.875,91236.04
0xa0feb3725a9335f49874d7cd8eaad6be45b27416,2025-02-10,Fear,1338.39845,304,868.6251644736842,True,71.875,264062.05
0xa0feb3725a9335f49874d7cd8eaad6be45b27416,2025-02-11,Neutral,869.757103,183,1215.386612021858,True,71.875,222415.75
0xa0feb3725a9335f49874d7cd8eaad6be45b27416,2025-02-12,Neutral,0.0,50,999.666,False,71.875,49983.3
0xa0feb3725a9335f49874d7cd8eaad6be45b27416,2025-02-13,Neutral,1312.55815,399,2012.0397744360903,True,71.875,802803.87
0xa0feb3725a9335f49874d7cd8eaad6be45b27416,2025-02-14,Neutral,414.743169,306,1372.3451960784314,True,71.875,419937.63
0xa0feb3725a9335f49874d7cd8eaad6be45b27416,2025-02-15,Neutral,590.73516,466,787.2578326180258,True,71.875,366862.15
0xa0feb3725a9335f49874d7cd8eaad6be45b27416,2025-02-16,Neutral,819.9958,455,501.30874725274725,True,71.875,228095.48
0xa0feb3725a9335f49874d7cd8eaad6be45b27416,2025-02-17,Neutral,303.11202,284,598.8410211267606,True,71.875,170070.85
0xa0feb3725a9335f49874d7cd8eaad6be45b27416,2025-02-18,Neutral,3494.964308,413,1209.069588377724,True,71.875,499345.74
0xa0feb3725a9335f49874d7cd8eaad6be45b27416,2025-02-19,Fear,1280.6095579999999,400,1091.899,True,71.875,436759.6
0xa0feb3725a9335f49874d7cd8eaad6be45b27416,2025-02-20,Neutral,2866.872677,968,817.1428202479339,True,71.875,790994.25
0xa0feb3725a9335f49874d7cd8eaad6be45b27416,2025-02-21,Greed,3417.71341,769,1031.4382574772433,True,71.875,793176.02
0xa0feb3725a9335f49874d7cd8eaad6be45b27416,2025-02-22,Neutral,101.06290399999999,41,789.0624390243902,True,71.875,32351.559999999998
0xa0feb3725a9335f49874d7cd8eaad6be45b27416,2025-02-23,Neutral,0.0,53,226.28509433962265,False,71.875,11993.11
0xa0feb3725a9335f49874d7cd8eaad6be45b27416,2025-02-24,Neutral,0.0,42,495.59309523809526,False,71.875,20814.91
0xa0feb3725a9335f49874d7cd8eaad6be45b27416,2025-02-25,Fear,826.548369,193,626.2487046632124,True,71.875,120866.0
0xa0feb3725a9335f49874d7cd8eaad6be45b27416,2025-02-26,Extreme Fear,0.0,20,749.8255,False,71.875,14996.51
0xa0feb3725a9335f49874d7cd8eaad6be45b27416,2025-02-27,Extreme Fear,0.0,13,768.6484615384616,False,71.875,9992.43
0xa0feb3725a9335f49874d7cd8eaad6be45b27416,2025-02-28,Extreme Fear,1011.258943,197,623.2444670050761,True,71.875,122779.16
0xa0feb3725a9335f49874d7cd8eaad6be45b27416,2025-03-02,Fear,625.512206,32,1691.2284375000002,True,71.875,54119.310000000005
0xa0feb3725a9335f49874d7cd8eaad6be45b27416,2025-03-03,Fear,60.171373,176,234.52426136363636,True,71.875,41276.27
0xa0feb3725a9335f49874d7cd8eaad6be45b27416,2025-03-04,Extreme Fear,0.0,40,369.27675,False,71.875,14771.07
0xa0feb3725a9335f49874d7cd8eaad6be45b27416,2025-03-14,Fear,0.0,8,874.97875,False,71.875,6999.83
0xa0feb3725a9335f49874d7cd8eaad6be45b27416,2025-04-15,Fear,73.34455,21,917.6357142857142,True,71.875,19270.35
0xa0feb3725a9335f49874d7cd8eaad6be45b27416,2025-04-16,Fear,100.22198900000001,47,400.05872340425526,True,71.875,18802.76
0xa0feb3725a9335f49874d7cd8eaad6be45b27416,2025-04-17,Fear,18.57004,13,303.8438461538462,True,71.875,3949.9700000000003
0xa0feb3725a9335f49874d7cd8eaad6be45b27416,2025-04-23,Greed,6653.134804,550,894.6094181818181,True,71.875,492035.18
0xa0feb3725a9335f49874d7cd8eaad6be45b27416,2025-04-24,Greed,1279.688605,334,1325.6926047904192,True,71.875,442781.33
0xa0feb3725a9335f49874d7cd8eaad6be45b27416,2025-04-25,Greed,4058.112969,138,1475.0315217391305,True,71.875,203554.35
0xa0feb3725a9335f49874d7cd8eaad6be45b27416,2025-04-26,Greed,0.0,50,425.9992,False,71.875,21299.96
0xa0feb3725a9335f49874d7cd8eaad6be45b27416,2025-04-27,Greed,147.309165,46,858.3880434782608,True,71.875,39485.85
0xa0feb3725a9335f49874d7cd8eaad6be45b27416,2025-04-28,Neutral,474.245409,155,1106.0305161290323,True,71.875,171434.73
0xa0feb3725a9335f49874d7cd8eaad6be45b27416,2025-04-29,Greed,1189.49741,214,1261.7606542056074,True,71.875,270016.77999999997
0xa0feb3725a9335f49874d7cd8eaad6be45b27416,2025-04-30,Greed,1555.834562,345,793.9205507246378,True,71.875,273902.59
0xa0feb3725a9335f49874d7cd8eaad6be45b27416,2025-05-01,Neutral,1449.529436,288,1130.8870833333333,True,71.875,325695.48
0xa520ded057a32086c40e7dd6ed4eb8efb82c00e0,2024-08-03,Fear,0.0,16,9281.686875,False,43.24324324324324,148506.99
0xa520ded057a32086c40e7dd6ed4eb8efb82c00e0,2024-08-04,Fear,-14176.51042,10,13492.987,False,43.24324324324324,134929.87
0xa520ded057a32086c40e7dd6ed4eb8efb82c00e0,2024-08-05,Fear,0.0,2,10053.805,False,43.24324324324324,20107.61
0xa520ded057a32086c40e7dd6ed4eb8efb82c00e0,2024-08-07,Fear,0.0,1,500.0,False,43.24324324324324,500.0
0xa520ded057a32086c40e7dd6ed4eb8efb82c00e0,2024-08-08,Extreme Fear,-40.712216999999995,4,114.82,False,43.24324324324324,459.28
0xa520ded057a32086c40e7dd6ed4eb8efb82c00e0,2024-08-09,Neutral,0.0,2,250.0,False,43.24324324324324,500.0
0xa520ded057a32086c40e7dd6ed4eb8efb82c00e0,2024-08-17,Fear,-288.283113,1,211.7,False,43.24324324324324,211.7
0xa520ded057a32086c40e7dd6ed4eb8efb82c00e0,2024-08-18,Fear,0.0,1,0.01,False,43.24324324324324,0.01
0xa520ded057a32086c40e7dd6ed4eb8efb82c00e0,2024-08-21,Fear,0.0,2,1000.14,False,43.24324324324324,2000.28
0xa520ded057a32086c40e7dd6ed4eb8efb82c00e0,2024-09-08,Fear,0.0,1,0.11,False,43.24324324324324,0.11
0xa520ded057a32086c40e7dd6ed4eb8efb82c00e0,2024-09-10,Fear,-219.729659,2,890.27,False,43.24324324324324,1780.54
0xa520ded057a32086c40e7dd6ed4eb8efb82c00e0,2024-10-17,Greed,0.0,1,499.72,False,43.24324324324324,499.72
0xa520ded057a32086c40e7dd6ed4eb8efb82c00e0,2024-10-28,Greed,167.28016200000002,4,375.23249999999996,True,43.24324324324324,1500.9299999999998
0xa520ded057a32086c40e7dd6ed4eb8efb82c00e0,2024-11-07,Extreme Greed,3360.9281,95,208.8205263157895,True,43.24324324324324,19837.95
0xa520ded057a32086c40e7dd6ed4eb8efb82c00e0,2024-11-13,Extreme Greed,0.0,1,200.04,False,43.24324324324324,200.04
0xa520ded057a32086c40e7dd6ed4eb8efb82c00e0,2024-11-18,Extreme Greed,693.220788,9,186.3422222222222,True,43.24324324324324,1677.08
0xa520ded057a32086c40e7dd6ed4eb8efb82c00e0,2024-11-21,Extreme Greed,2.83504,1,202.87,True,43.24324324324324,202.87
0xa520ded057a32086c40e7dd6ed4eb8efb82c00e0,2024-11-29,Extreme Greed,0.0,21,5762.356666666667,False,43.24324324324324,121009.49
0xa520ded057a32086c40e7dd6ed4eb8efb82c00e0,2024-12-01,Extreme Greed,34709.852428,61,856.4519672131147,True,43.24324324324324,52243.57
0xa520ded057a32086c40e7dd6ed4eb8efb82c00e0,2024-12-03,Extreme Greed,0.0,34,2941.1758823529412,False,43.24324324324324,99999.98
0xa520ded057a32086c40e7dd6ed4eb8efb82c00e0,2024-12-10,Extreme Greed,0.0,8,13718.098750000001,False,43.24324324324324,109744.79000000001
0xa520ded057a32086c40e7dd6ed4eb8efb82c00e0,2024-12-11,Greed,994.238977,15,165.00133333333332,True,43.24324324324324,2475.02
0xa520ded057a32086c40e7dd6ed4eb8efb82c00e0,2024-12-12,Extreme Greed,2512.437585,4,1374.4125000000001,True,43.24324324324324,5497.650000000001
0xa520ded057a32086c40e7dd6ed4eb8efb82c00e0,2024-12-16,Extreme Greed,2069.35811,13,192.29384615384618,True,43.24324324324324,2499.82
0xa520ded057a32086c40e7dd6ed4eb8efb82c00e0,2024-12-17,Extreme Greed,256.200336,1,299.74,True,43.24324324324324,299.74
0xa520ded057a32086c40e7dd6ed4eb8efb82c00e0,2024-12-20,Greed,23353.625678,12,4763.3358333333335,True,43.24324324324324,57160.03
0xa520ded057a32086c40e7dd6ed4eb8efb82c00e0,2025-01-04,Greed,556.803152,5,213.09399999999997,True,43.24324324324324,1065.4699999999998
0xa520ded057a32086c40e7dd6ed4eb8efb82c00e0,2025-01-14,Greed,7013.428624,12,829.285,True,43.24324324324324,9951.42
0xa520ded057a32086c40e7dd6ed4eb8efb82c00e0,2025-01-21,Extreme Greed,2806.434723,8,597.6225000000001,True,43.24324324324324,4780.9800000000005
0xa520ded057a32086c40e7dd6ed4eb8efb82c00e0,2025-01-27,Greed,12084.434144,56,989.8810714285713,True,43.24324324324324,55433.34
0xa520ded057a32086c40e7dd6ed4eb8efb82c00e0,2025-01-28,Greed,0.0,3,0.07666666666666667,False,43.24324324324324,0.23
0xa520ded057a32086c40e7dd6ed4eb8efb82c00e0,2025-02-03,Fear,20.596691,1,999.91,True,43.24324324324324,999.91
0xa520ded057a32086c40e7dd6ed4eb8efb82c00e0,2025-02-10,Fear,30.785143,2,249.82,True,43.24324324324324,499.64
0xa520ded057a32086c40e7dd6ed4eb8efb82c00e0,2025-03-08,Fear,-1121.6509429999999,2,1250.705,False,43.24324324324324,2501.41
0xa520ded057a32086c40e7dd6ed4eb8efb82c00e0,2025-04-08,Extreme Fear,-920.33629,1,1000.85,False,43.24324324324324,1000.85
0xa520ded057a32086c40e7dd6ed4eb8efb82c00e0,2025-04-10,Fear,-965.1214130000001,3,534.0066666666667,False,43.24324324324324,1602.02
0xa520ded057a32086c40e7dd6ed4eb8efb82c00e0,2025-04-13,Neutral,-53.631353999999995,2,64.53,False,43.24324324324324,129.06
0xae5eacaf9c6b9111fd53034a602c192a04e082ed,2024-12-02,Extreme Greed,0.0,44,1779.0295454545455,False,46.666666666666664,78277.3
0xae5eacaf9c6b9111fd53034a602c192a04e082ed,2024-12-03,Extreme Greed,20925.513222,145,3898.738206896552,True,46.666666666666664,565317.04
0xae5eacaf9c6b9111fd53034a602c192a04e082ed,2024-12-04,Extreme Greed,0.0,1,0.1,False,46.666666666666664,0.1
0xae5eacaf9c6b9111fd53034a602c192a04e082ed,2025-03-04,Extreme Fear,0.0,21,7268.525238095238,False,46.666666666666664,152639.03
0xae5eacaf9c6b9111fd53034a602c192a04e082ed,2025-03-05,Extreme Fear,0.0,9,3500.644444444444,False,46.666666666666664,31505.8
0xae5eacaf9c6b9111fd53034a602c192a04e082ed,2025-03-11,Extreme Fear,0.0,4,6911.925,False,46.666666666666664,27647.7
0xae5eacaf9c6b9111fd53034a602c192a04e082ed,2025-03-18,Fear,0.0,38,2461.443421052632,False,46.666666666666664,93534.85
0xae5eacaf9c6b9111fd53034a602c192a04e082ed,2025-04-08,Extreme Fear,0.0,33,2865.9021212121215,False,46.666666666666664,94574.77
0xae5eacaf9c6b9111fd53034a602c192a04e082ed,2025-04-09,Extreme Fear,622.41079,13,792.1807692307691,True,46.666666666666664,10298.349999999999
0xae5eacaf9c6b9111fd53034a602c192a04e082ed,2025-04-10,Fear,5615.909695,19,2486.837368421053,True,46.666666666666664,47249.91
0xae5eacaf9c6b9111fd53034a602c192a04e082ed,2025-04-12,Fear,2513.430964,45,2262.842,True,46.666666666666664,101827.89
0xae5eacaf9c6b9111fd53034a602c192a04e082ed,2025-04-21,Fear,0.0,21,2434.7928571428574,False,46.666666666666664,51130.65
0xae5eacaf9c6b9111fd53034a602c192a04e082ed,2025-04-23,Greed,28100.700490000003,28,2829.6749999999997,True,46.666666666666664,79230.9
0xae5eacaf9c6b9111fd53034a602c192a04e082ed,2025-04-24,Greed,2587.44383,87,2334.9580459770114,True,46.666666666666664,203141.35
0xae5eacaf9c6b9111fd53034a602c192a04e082ed,2025-04-25,Greed,7480.21054,55,2564.5469090909096,True,46.666666666666664,141050.08000000002
0xaf40fdc468c30116bd3307bcbf4a451a7ebf1deb,2024-12-09,Extreme Greed,0.0,4,1968.8700000000001,False,55.00000000000001,7875.4800000000005
0xaf40fdc468c30116bd3307bcbf4a451a7ebf1deb,2024-12-11,Greed,39.7705,1,7158.62,True,55.00000000000001,7158.62
0xaf40fdc468c30116bd3307bcbf4a451a7ebf1deb,2024-12-12,Extreme Greed,15.24474,1,771.87,True,55.00000000000001,771.87
0xaf40fdc468c30116bd3307bcbf4a451a7ebf1deb,2024-12-23,Greed,0.0,3,320.1333333333333,False,55.00000000000001,960.4
0xaf40fdc468c30116bd3307bcbf4a451a7ebf1deb,2024-12-24,Greed,3.43,1,963.83,True,55.00000000000001,963.83
0xaf40fdc468c30116bd3307bcbf4a451a7ebf1deb,2025-03-16,Fear,-1017.424213,125,5323.34248,False,55.00000000000001,665417.81
0xaf40fdc468c30116bd3307bcbf4a451a7ebf1deb,2025-03-17,Fear,-1646.3529,35,9477.486,False,55.00000000000001,331712.01
0xaf40fdc468c30116bd3307bcbf4a451a7ebf1deb,2025-03-18,Fear,0.0,21,3925.5247619047623,False,55.00000000000001,82436.02
0xaf40fdc468c30116bd3307bcbf4a451a7ebf1deb,2025-03-19,Fear,5304.480047,162,4703.033148148148,True,55.00000000000001,761891.37
0xaf40fdc468c30116bd3307bcbf4a451a7ebf1deb,2025-03-20,Neutral,0.0,1,84870.0,False,55.00000000000001,84870.0
0xaf40fdc468c30116bd3307bcbf4a451a7ebf1deb,2025-03-24,Neutral,5070.619785,23,15004.912173913042,True,55.00000000000001,345112.98
0xaf40fdc468c30116bd3307bcbf4a451a7ebf1deb,2025-03-25,Neutral,0.0,1,87100.0,False,55.00000000000001,87100.0
0xaf40fdc468c30116bd3307bcbf4a451a7ebf1deb,2025-03-26,Neutral,2087.063794,27,16199.963333333333,True,55.00000000000001,437399.01
0xaf40fdc468c30116bd3307bcbf4a451a7ebf1deb,2025-03-27,Fear,894.0,21,16543.90380952381,True,55.00000000000001,347421.98
0xaf40fdc468c30116bd3307bcbf4a451a7ebf1deb,2025-03-28,Fear,1342.0,54,6430.7037037037035,True,55.00000000000001,347258.0
0xaf40fdc468c30116bd3307bcbf4a451a7ebf1deb,2025-04-03,Fear,2020.0,8,42527.5,True,55.00000000000001,340220.0
0xaf40fdc468c30116bd3307bcbf4a451a7ebf1deb,2025-04-05,Fear,2400.0,8,41637.49875,True,55.00000000000001,333099.99
0xaf40fdc468c30116bd3307bcbf4a451a7ebf1deb,2025-04-07,Extreme Fear,0.0,17,2238.4694117647055,False,55.00000000000001,38053.979999999996
0xaf40fdc468c30116bd3307bcbf4a451a7ebf1deb,2025-04-11,Fear,5246.0,7,29785.714285714286,True,55.00000000000001,208500.0
0xaf40fdc468c30116bd3307bcbf4a451a7ebf1deb,2025-04-12,Fear,0.0,14,1435.7078571428572,False,55.00000000000001,20099.91
0xb1231a4a2dd02f2276fa3c5e2a2f3436e6bfed23,2023-12-05,Extreme Greed,0.0,9,5556.203333333334,False,48.4375,50005.83
0xb1231a4a2dd02f2276fa3c5e2a2f3436e6bfed23,2023-12-14,Greed,-205.43473700000007,11,10291.213636363636,False,48.4375,113203.35
0xb1231a4a2dd02f2276fa3c5e2a2f3436e6bfed23,2023-12-15,Greed,-24.632033999999997,2,5304.975,False,48.4375,10609.95
0xb1231a4a2dd02f2276fa3c5e2a2f3436e6bfed23,2023-12-16,Greed,0.0,3,5116.256666666667,False,48.4375,15348.77
0xb1231a4a2dd02f2276fa3c5e2a2f3436e6bfed23,2023-12-17,Greed,304.982785,14,8305.572857142857,True,48.4375,116278.02
0xb1231a4a2dd02f2276fa3c5e2a2f3436e6bfed23,2023-12-18,Greed,0.0,2,15582.089999999998,False,48.4375,31164.179999999997
0xb1231a4a2dd02f2276fa3c5e2a2f3436e6bfed23,2023-12-19,Greed,1000.5386120000001,15,6106.827333333334,True,48.4375,91602.41
0xb1231a4a2dd02f2276fa3c5e2a2f3436e6bfed23,2023-12-20,Greed,162.732282,18,7868.710555555556,True,48.4375,141636.79
0xb1231a4a2dd02f2276fa3c5e2a2f3436e6bfed23,2023-12-21,Greed,537.211402,49,2555.795306122449,True,48.4375,125233.97
0xb1231a4a2dd02f2276fa3c5e2a2f3436e6bfed23,2023-12-22,Greed,141.832675,10,8887.428,True,48.4375,88874.28
0xb1231a4a2dd02f2276fa3c5e2a2f3436e6bfed23,2023-12-23,Greed,146.936704,13,6033.711538461538,True,48.4375,78438.25
0xb1231a4a2dd02f2276fa3c5e2a2f3436e6bfed23,2023-12-24,Greed,1008.619956,39,10332.177948717948,True,48.4375,402954.94
0xb1231a4a2dd02f2276fa3c5e2a2f3436e6bfed23,2023-12-25,Greed,-245.081348,3,19982.836666666666,False,48.4375,59948.51
0xb1231a4a2dd02f2276fa3c5e2a2f3436e6bfed23,2023-12-27,Greed,-704.8892269999999,28,6121.823571428571,False,48.4375,171411.06
0xb1231a4a2dd02f2276fa3c5e2a2f3436e6bfed23,2023-12-28,Greed,-970.730876,23,4352.923913043478,False,48.4375,100117.25
0xb1231a4a2dd02f2276fa3c5e2a2f3436e6bfed23,2023-12-29,Greed,508.92214299999995,50,11391.1944,True,48.4375,569559.72
0xb1231a4a2dd02f2276fa3c5e2a2f3436e6bfed23,2023-12-30,Greed,354.998648,52,13510.58096153846,True,48.4375,702550.21
0xb1231a4a2dd02f2276fa3c5e2a2f3436e6bfed23,2024-01-01,Greed,-129.53146,18,14679.973888888888,False,48.4375,264239.52999999997
0xb1231a4a2dd02f2276fa3c5e2a2f3436e6bfed23,2024-01-02,Greed,783.979116,17,7138.1611764705885,True,48.4375,121348.74
0xb1231a4a2dd02f2276fa3c5e2a2f3436e6bfed23,2024-01-03,Greed,866.015507,67,5888.050149253731,True,48.4375,394499.36
0xb1231a4a2dd02f2276fa3c5e2a2f3436e6bfed23,2024-01-04,Greed,-67.60364,5,19958.508,False,48.4375,99792.54000000001
0xb1231a4a2dd02f2276fa3c5e2a2f3436e6bfed23,2024-01-05,Greed,164.141565,66,25817.31303030303,True,48.4375,1703942.66
0xb1231a4a2dd02f2276fa3c5e2a2f3436e6bfed23,2024-01-06,Greed,135.58166400000002,22,13569.154545454547,True,48.4375,298521.4
0xb1231a4a2dd02f2276fa3c5e2a2f3436e6bfed23,2024-01-07,Greed,-835.681235,97,10812.887216494846,False,48.4375,1048850.06
0xb1231a4a2dd02f2276fa3c5e2a2f3436e6bfed23,2024-01-08,Greed,-269.874439,128,11894.159609375,False,48.4375,1522452.43
0xb1231a4a2dd02f2276fa3c5e2a2f3436e6bfed23,2024-01-09,Extreme Greed,-826.349863,70,12429.313857142857,False,48.4375,870051.97
0xb1231a4a2dd02f2276fa3c5e2a2f3436e6bfed23,2024-01-10,Greed,-1517.091342,193,10660.515440414507,False,48.4375,2057479.48
0xb1231a4a2dd02f2276fa3c5e2a2f3436e6bfed23,2024-01-11,Extreme Greed,-164.08950099999998,19,13641.064736842105,False,48.4375,259180.22999999998
0xb1231a4a2dd02f2276fa3c5e2a2f3436e6bfed23,2024-01-12,Greed,-1925.519024,7,28583.181428571428,False,48.4375,200082.27
0xb1231a4a2dd02f2276fa3c5e2a2f3436e6bfed23,2024-01-15,Neutral,0.0,5,10001.248,False,48.4375,50006.24
0xb1231a4a2dd02f2276fa3c5e2a2f3436e6bfed23,2024-01-16,Greed,939.6285419999999,3,17648.416666666668,True,48.4375,52945.25
0xb1231a4a2dd02f2276fa3c5e2a2f3436e6bfed23,2024-01-17,Greed,813.2741110000001,53,15110.019433962265,True,48.4375,800831.03
0xb1231a4a2dd02f2276fa3c5e2a2f3436e6bfed23,2024-01-18,Greed,68.93319,46,9231.120217391304,True,48.4375,424631.52999999997
0xb1231a4a2dd02f2276fa3c5e2a2f3436e6bfed23,2024-01-19,Neutral,-385.215235,39,10946.209230769231,False,48.4375,426902.16
0xb1231a4a2dd02f2276fa3c5e2a2f3436e6bfed23,2024-01-20,Neutral,-146.57487000000003,106,10095.193490566038,False,48.4375,1070090.51
0xb1231a4a2dd02f2276fa3c5e2a2f3436e6bfed23,2024-01-21,Greed,266.58114600000005,11,9375.43090909091,True,48.4375,103129.74
0xb1231a4a2dd02f2276fa3c5e2a2f3436e6bfed23,2024-01-22,Greed,209.39217099999996,37,7671.794864864864,True,48.4375,283856.41
0xb1231a4a2dd02f2276fa3c5e2a2f3436e6bfed23,2024-01-23,Neutral,-369.2447299999998,45,9211.531777777778,False,48.4375,414518.93000000005
0xb1231a4a2dd02f2276fa3c5e2a2f3436e6bfed23,2024-01-24,Neutral,-2808.353815,68,14192.42044117647,False,48.4375,965084.59
0xb1231a4a2dd02f2276fa3c5e2a2f3436e6bfed23,2024-01-25,Neutral,-3093.6293849999997,6,11094.355000000001,False,48.4375,66566.13
0xb1231a4a2dd02f2276fa3c5e2a2f3436e6bfed23,2024-01-26,Neutral,0.0,3,839.1366666666667,False,48.4375,2517.41
0xb1231a4a2dd02f2276fa3c5e2a2f3436e6bfed23,2024-01-29,Greed,484.847102,72,5724.157222222222,True,48.4375,412139.32
0xb1231a4a2dd02f2276fa3c5e2a2f3436e6bfed23,2024-01-30,Greed,-173.65419100000003,49,8183.905714285715,False,48.4375,401011.38
0xb1231a4a2dd02f2276fa3c5e2a2f3436e6bfed23,2024-01-31,Greed,-799.840817,859,7340.683504074505,False,48.4375,6305647.13
0xb1231a4a2dd02f2276fa3c5e2a2f3436e6bfed23,2024-02-01,Greed,0.0,6,334.69666666666666,False,48.4375,2008.18
0xb1231a4a2dd02f2276fa3c5e2a2f3436e6bfed23,2024-02-02,Greed,456.423473,42,11292.343571428572,True,48.4375,474278.43
0xb1231a4a2dd02f2276fa3c5e2a2f3436e6bfed23,2024-02-03,Greed,223.30918699999998,56,10782.5,True,48.4375,603820.0
0xb1231a4a2dd02f2276fa3c5e2a2f3436e6bfed23,2024-02-04,Greed,47.62389499999999,35,5805.358,True,48.4375,203187.53
0xb1231a4a2dd02f2276fa3c5e2a2f3436e6bfed23,2024-02-05,Greed,-33.45419400000003,72,10697.198055555556,False,48.4375,770198.26
0xb1231a4a2dd02f2276fa3c5e2a2f3436e6bfed23,2024-02-06,Greed,-215.615907,1088,7396.280707720588,False,48.4375,8047153.41
0xb1231a4a2dd02f2276fa3c5e2a2f3436e6bfed23,2024-02-07,Greed,241.24212,15,450.582,True,48.4375,6758.73
0xb1231a4a2dd02f2276fa3c5e2a2f3436e6bfed23,2024-02-08,Greed,770.756024,10,2605.112,True,48.4375,26051.12
0xb1231a4a2dd02f2276fa3c5e2a2f3436e6bfed23,2024-02-11,Greed,983.443176,34,6244.465294117647,True,48.4375,212311.82
0xb1231a4a2dd02f2276fa3c5e2a2f3436e6bfed23,2024-02-12,Greed,913.8817869999998,16,14202.981249999999,True,48.4375,227247.69999999998
0xb1231a4a2dd02f2276fa3c5e2a2f3436e6bfed23,2024-02-13,Extreme Greed,559.44389,14,142.85642857142858,True,48.4375,1999.99
0xb1231a4a2dd02f2276fa3c5e2a2f3436e6bfed23,2024-02-14,Greed,191.29666400000002,23,4465.268695652174,True,48.4375,102701.18
0xb1231a4a2dd02f2276fa3c5e2a2f3436e6bfed23,2024-02-15,Greed,816.0903969999999,11,9886.378181818181,True,48.4375,108750.16
0xb1231a4a2dd02f2276fa3c5e2a2f3436e6bfed23,2024-02-16,Greed,0.0,12,8396.053333333333,False,48.4375,100752.64
0xb1231a4a2dd02f2276fa3c5e2a2f3436e6bfed23,2024-02-17,Extreme Greed,259.62944200000004,30,6791.962666666667,True,48.4375,203758.88
0xb1231a4a2dd02f2276fa3c5e2a2f3436e6bfed23,2024-02-19,Extreme Greed,-8.05898,6,8333.848333333333,False,48.4375,50003.09
0xb1231a4a2dd02f2276fa3c5e2a2f3436e6bfed23,2024-02-20,Greed,210.315294,4,427.575,True,48.4375,1710.3
0xb1231a4a2dd02f2276fa3c5e2a2f3436e6bfed23,2024-02-21,Extreme Greed,0.0,1,10005.6,False,48.4375,10005.6
0xb1231a4a2dd02f2276fa3c5e2a2f3436e6bfed23,2024-02-22,Greed,0.0,2,2500.32,False,48.4375,5000.64
0xb1231a4a2dd02f2276fa3c5e2a2f3436e6bfed23,2024-02-26,Greed,0.0,2,249.98499999999999,False,48.4375,499.96999999999997
0xb1231a4a2dd02f2276fa3c5e2a2f3436e6bfed23,2024-02-27,Extreme Greed,576.38114,8,322.04,True,48.4375,2576.32
0xb1231a4a2dd02f2276fa3c5e2a2f3436e6bfed23,2024-02-29,Extreme Greed,1320.804256,7,3546.727142857143,True,48.4375,24827.09
0xb1231a4a2dd02f2276fa3c5e2a2f3436e6bfed23,2024-03-02,Extreme Greed,-1443.814567,7,420.5385714285714,False,48.4375,2943.77
0xb1231a4a2dd02f2276fa3c5e2a2f3436e6bfed23,2024-03-04,Extreme Greed,1026.004099,13,290.5161538461538,True,48.4375,3776.71
0xb1231a4a2dd02f2276fa3c5e2a2f3436e6bfed23,2024-03-15,Extreme Greed,388.830831,19,3995.254210526316,True,48.4375,75909.83
0xb1231a4a2dd02f2276fa3c5e2a2f3436e6bfed23,2024-03-16,Extreme Greed,0.0,2,5000.0,False,48.4375,10000.0
0xb1231a4a2dd02f2276fa3c5e2a2f3436e6bfed23,2024-03-17,Extreme Greed,0.0,2,3751.305,False,48.4375,7502.61
0xb1231a4a2dd02f2276fa3c5e2a2f3436e6bfed23,2024-03-18,Extreme Greed,212.3193,1,5214.47,True,48.4375,5214.47
0xb1231a4a2dd02f2276fa3c5e2a2f3436e6bfed23,2024-03-19,Extreme Greed,-174.00152,10,2982.842,False,48.4375,29828.420000000002
0xb1231a4a2dd02f2276fa3c5e2a2f3436e6bfed23,2024-03-20,Greed,3829.986976,10,7134.341,True,48.4375,71343.41
0xb1231a4a2dd02f2276fa3c5e2a2f3436e6bfed23,2024-03-21,Extreme Greed,238.326075,4,2560.8025000000002,True,48.4375,10243.210000000001
0xb1231a4a2dd02f2276fa3c5e2a2f3436e6bfed23,2024-04-02,Extreme Greed,0.0,4,3749.9725,False,48.4375,14999.89
0xb1231a4a2dd02f2276fa3c5e2a2f3436e6bfed23,2024-04-03,Greed,0.0,2,4999.83,False,48.4375,9999.66
0xb1231a4a2dd02f2276fa3c5e2a2f3436e6bfed23,2024-04-05,Extreme Greed,965.5522159999999,8,3245.635,True,48.4375,25965.08
0xb1231a4a2dd02f2276fa3c5e2a2f3436e6bfed23,2024-04-12,Extreme Greed,-2830.444513,15,2021.84,False,48.4375,30327.6
0xb1231a4a2dd02f2276fa3c5e2a2f3436e6bfed23,2024-04-26,Greed,0.0,3,1662.7633333333335,False,48.4375,4988.290000000001
0xb1231a4a2dd02f2276fa3c5e2a2f3436e6bfed23,2024-04-28,Greed,0.0,50,339.7238,False,48.4375,16986.19
0xb1231a4a2dd02f2276fa3c5e2a2f3436e6bfed23,2024-04-29,Greed,0.0,14,301.70142857142855,False,48.4375,4223.82
0xb1231a4a2dd02f2276fa3c5e2a2f3436e6bfed23,2024-05-03,Neutral,0.0,6,829.8083333333334,False,48.4375,4978.85
0xb1231a4a2dd02f2276fa3c5e2a2f3436e6bfed23,2024-05-04,Greed,0.0,3,1666.47,False,48.4375,4999.41
0xb1231a4a2dd02f2276fa3c5e2a2f3436e6bfed23,2024-05-07,Greed,227.320653,7,1395.532857142857,True,48.4375,9768.73
0xb1231a4a2dd02f2276fa3c5e2a2f3436e6bfed23,2024-05-09,Greed,0.0,3,1658.5133333333333,False,48.4375,4975.54
0xb1231a4a2dd02f2276fa3c5e2a2f3436e6bfed23,2024-05-12,Greed,0.0,13,782.6861538461538,False,48.4375,10174.92
0xb1231a4a2dd02f2276fa3c5e2a2f3436e6bfed23,2024-05-13,Greed,0.0,3,1658.2700000000002,False,48.4375,4974.81
0xb1231a4a2dd02f2276fa3c5e2a2f3436e6bfed23,2024-05-16,Greed,0.0,3,1280.0233333333333,False,48.4375,3840.0699999999997
0xb1231a4a2dd02f2276fa3c5e2a2f3436e6bfed23,2024-05-20,Greed,-74.818442,3,1707.1166666666668,False,48.4375,5121.35
0xb1231a4a2dd02f2276fa3c5e2a2f3436e6bfed23,2024-05-21,Extreme Greed,1272.088356,72,8594.73125,True,48.4375,618820.65
0xb1231a4a2dd02f2276fa3c5e2a2f3436e6bfed23,2024-05-23,Extreme Greed,0.0,19,3896.7610526315784,False,48.4375,74038.45999999999
0xb1231a4a2dd02f2276fa3c5e2a2f3436e6bfed23,2024-05-24,Greed,821.949278,2,25405.949999999997,True,48.4375,50811.899999999994
0xb1231a4a2dd02f2276fa3c5e2a2f3436e6bfed23,2024-05-25,Extreme Greed,0.0,2,12503.574999999999,False,48.4375,25007.149999999998
0xb1231a4a2dd02f2276fa3c5e2a2f3436e6bfed23,2024-05-26,Extreme Greed,773.4582,9,5640.383333333334,True,48.4375,50763.450000000004
0xb1231a4a2dd02f2276fa3c5e2a2f3436e6bfed23,2024-06-07,Extreme Greed,0.0,14,77.5807142857143,False,48.4375,1086.13
0xb1231a4a2dd02f2276fa3c5e2a2f3436e6bfed23,2024-06-09,Extreme Greed,0.0,12,117.52166666666666,False,48.4375,1410.26
0xb1231a4a2dd02f2276fa3c5e2a2f3436e6bfed23,2024-06-11,Greed,4269.550668,75,1046.24,True,48.4375,78468.0
0xb1231a4a2dd02f2276fa3c5e2a2f3436e6bfed23,2024-06-12,Greed,0.0,37,41.1072972972973,False,48.4375,1520.97
0xb1231a4a2dd02f2276fa3c5e2a2f3436e6bfed23,2024-06-13,Greed,6634.160155,78,1699.554487179487,True,48.4375,132565.25
0xb1231a4a2dd02f2276fa3c5e2a2f3436e6bfed23,2024-06-14,Greed,10258.592609,15,2791.98,True,48.4375,41879.7
0xb1231a4a2dd02f2276fa3c5e2a2f3436e6bfed23,2024-06-15,Greed,1285.5244400000001,40,3156.3154999999997,True,48.4375,126252.62
0xb1231a4a2dd02f2276fa3c5e2a2f3436e6bfed23,2024-06-16,Greed,0.0,11,2294.0981818181817,False,48.4375,25235.079999999998
0xb1231a4a2dd02f2276fa3c5e2a2f3436e6bfed23,2024-06-17,Greed,9330.743339,24,4828.689166666667,True,48.4375,115888.54000000001
0xb1231a4a2dd02f2276fa3c5e2a2f3436e6bfed23,2024-06-18,Greed,282.57636,18,11128.698333333334,True,48.4375,200316.57
0xb1231a4a2dd02f2276fa3c5e2a2f3436e6bfed23,2024-06-19,Greed,2833.6833,41,4971.736829268292,True,48.4375,203841.21
0xb1231a4a2dd02f2276fa3c5e2a2f3436e6bfed23,2024-06-20,Greed,0.0,27,314.2848148148148,False,48.4375,8485.69
0xb1231a4a2dd02f2276fa3c5e2a2f3436e6bfed23,2024-06-21,Greed,0.0,69,1478.9595652173912,False,48.4375,102048.20999999999
0xb1231a4a2dd02f2276fa3c5e2a2f3436e6bfed23,2024-06-22,Neutral,756.876565,21,7218.764761904762,True,48.4375,151594.06
0xb1231a4a2dd02f2276fa3c5e2a2f3436e6bfed23,2024-06-23,Greed,0.0,5,358.424,False,48.4375,1792.12
0xb1231a4a2dd02f2276fa3c5e2a2f3436e6bfed23,2024-06-24,Neutral,0.0,10,15099.543,False,48.4375,150995.43
0xb1231a4a2dd02f2276fa3c5e2a2f3436e6bfed23,2024-06-25,Fear,4869.353105,49,2104.062857142857,True,48.4375,103099.08
0xb1231a4a2dd02f2276fa3c5e2a2f3436e6bfed23,2024-06-26,Neutral,0.0,41,24.288292682926826,False,48.4375,995.8199999999999
0xb1231a4a2dd02f2276fa3c5e2a2f3436e6bfed23,2024-06-27,Fear,0.0,18,583.1594444444444,False,48.4375,10496.869999999999
0xb1231a4a2dd02f2276fa3c5e2a2f3436e6bfed23,2024-06-29,Fear,4307.587820000001,58,975.2437931034483,True,48.4375,56564.14
0xb1231a4a2dd02f2276fa3c5e2a2f3436e6bfed23,2024-06-30,Neutral,0.0,11,47.401818181818186,False,48.4375,521.4200000000001
0xb1231a4a2dd02f2276fa3c5e2a2f3436e6bfed23,2024-07-01,Neutral,3863.351096,51,5205.286274509804,True,48.4375,265469.6
0xb1231a4a2dd02f2276fa3c5e2a2f3436e6bfed23,2024-07-02,Neutral,2421.253116,18,1852.6372222222224,True,48.4375,33347.47
0xb1231a4a2dd02f2276fa3c5e2a2f3436e6bfed23,2024-07-03,Neutral,0.0,8,9465.0725,False,48.4375,75720.58
0xb1231a4a2dd02f2276fa3c5e2a2f3436e6bfed23,2024-07-04,Fear,0.0,11,15958.708181818183,False,48.4375,175545.79
0xb1231a4a2dd02f2276fa3c5e2a2f3436e6bfed23,2024-07-05,Fear,0.0,12,165.92916666666667,False,48.4375,1991.15
0xb1231a4a2dd02f2276fa3c5e2a2f3436e6bfed23,2024-07-06,Fear,108.87217799999999,24,103.75708333333334,True,48.4375,2490.17
0xb1231a4a2dd02f2276fa3c5e2a2f3436e6bfed23,2024-07-07,Fear,61.428942,10,49.875,True,48.4375,498.75
0xb1231a4a2dd02f2276fa3c5e2a2f3436e6bfed23,2024-07-08,Fear,0.0,1,497.64,False,48.4375,497.64
0xb1231a4a2dd02f2276fa3c5e2a2f3436e6bfed23,2024-07-09,Fear,648.984412,15,182.42999999999998,True,48.4375,2736.45
0xb1231a4a2dd02f2276fa3c5e2a2f3436e6bfed23,2024-07-10,Fear,382.10788099999996,13,1229.4692307692308,True,48.4375,15983.1
0xb1231a4a2dd02f2276fa3c5e2a2f3436e6bfed23,2024-07-12,Fear,1412.314654,9,1508.48,True,48.4375,13576.32
0xb1231a4a2dd02f2276fa3c5e2a2f3436e6bfed23,2024-07-13,Fear,234.778463,4,124.795,True,48.4375,499.18
0xb1231a4a2dd02f2276fa3c5e2a2f3436e6bfed23,2024-07-17,Greed,0.0,7,1427.2385714285715,False,48.4375,9990.67
0xb1231a4a2dd02f2276fa3c5e2a2f3436e6bfed23,2024-07-24,Greed,0.0,35,170.22400000000002,False,48.4375,5957.84
0xb1231a4a2dd02f2276fa3c5e2a2f3436e6bfed23,2024-07-25,Greed,916.7382600000001,12,764.4941666666667,True,48.4375,9173.93
0xb1231a4a2dd02f2276fa3c5e2a2f3436e6bfed23,2024-07-26,Greed,2425.262989,30,8415.887666666667,True,48.4375,252476.63
0xb1231a4a2dd02f2276fa3c5e2a2f3436e6bfed23,2024-07-29,Greed,112.946925,24,12510.05625,True,48.4375,300241.35
0xb1231a4a2dd02f2276fa3c5e2a2f3436e6bfed23,2024-08-01,Neutral,0.0,9,3896.047777777778,False,48.4375,35064.43
0xb1231a4a2dd02f2276fa3c5e2a2f3436e6bfed23,2024-08-02,Greed,554.12049,12,5882.177500000001,True,48.4375,70586.13
0xb1231a4a2dd02f2276fa3c5e2a2f3436e6bfed23,2024-08-03,Fear,0.0,6,4168.69,False,48.4375,25012.14
0xb1231a4a2dd02f2276fa3c5e2a2f3436e6bfed23,2024-08-04,Fear,0.0,27,5002.563703703704,False,48.4375,135069.22
0xb1231a4a2dd02f2276fa3c5e2a2f3436e6bfed23,2024-08-05,Fear,-8394.889856,44,3331.070909090909,False,48.4375,146567.12
0xb1231a4a2dd02f2276fa3c5e2a2f3436e6bfed23,2024-08-06,Extreme Fear,51.56325,80,758.8422499999999,True,48.4375,60707.38
0xb1231a4a2dd02f2276fa3c5e2a2f3436e6bfed23,2024-08-07,Fear,188.789255,21,94.89190476190477,True,48.4375,1992.73
0xb1231a4a2dd02f2276fa3c5e2a2f3436e6bfed23,2024-08-08,Extreme Fear,0.0,5,3168.014,False,48.4375,15840.07
0xb1231a4a2dd02f2276fa3c5e2a2f3436e6bfed23,2024-08-09,Neutral,6783.078347,60,5447.171666666666,True,48.4375,326830.3
0xb1231a4a2dd02f2276fa3c5e2a2f3436e6bfed23,2024-08-10,Fear,0.0,87,130.32885057471265,False,48.4375,11338.61
0xb1231a4a2dd02f2276fa3c5e2a2f3436e6bfed23,2024-08-11,Fear,0.0,16,211.8975,False,48.4375,3390.36
0xb1231a4a2dd02f2276fa3c5e2a2f3436e6bfed23,2024-08-12,Fear,0.0,31,323.4293548387097,False,48.4375,10026.31
0xb1231a4a2dd02f2276fa3c5e2a2f3436e6bfed23,2024-08-13,Fear,212.08102,17,488.06470588235294,True,48.4375,8297.1
0xb1231a4a2dd02f2276fa3c5e2a2f3436e6bfed23,2024-08-14,Fear,0.0,15,136.21066666666667,False,48.4375,2043.16
0xb1231a4a2dd02f2276fa3c5e2a2f3436e6bfed23,2024-08-15,Fear,0.0,12,126.86416666666668,False,48.4375,1522.3700000000001
0xb1231a4a2dd02f2276fa3c5e2a2f3436e6bfed23,2024-08-16,Fear,825.230544,33,4663.112424242424,True,48.4375,153882.71
0xb1231a4a2dd02f2276fa3c5e2a2f3436e6bfed23,2024-08-19,Fear,339.69958299999996,8,12539.37875,True,48.4375,100315.03
0xb1231a4a2dd02f2276fa3c5e2a2f3436e6bfed23,2024-08-24,Greed,0.0,5,3999.9199999999996,False,48.4375,19999.6
0xb1231a4a2dd02f2276fa3c5e2a2f3436e6bfed23,2024-08-25,Neutral,0.0,13,534.9192307692308,False,48.4375,6953.95
0xb1231a4a2dd02f2276fa3c5e2a2f3436e6bfed23,2024-08-26,Greed,0.0,1,347.75,False,48.4375,347.75
0xb1231a4a2dd02f2276fa3c5e2a2f3436e6bfed23,2024-08-27,Neutral,0.0,43,121.97604651162791,False,48.4375,5244.97
0xb1231a4a2dd02f2276fa3c5e2a2f3436e6bfed23,2024-08-28,Fear,1333.359645,2,11832.755000000001,True,48.4375,23665.510000000002
0xb1231a4a2dd02f2276fa3c5e2a2f3436e6bfed23,2024-08-29,Fear,0.0,1,9995.85,False,48.4375,9995.85
0xb1231a4a2dd02f2276fa3c5e2a2f3436e6bfed23,2024-08-30,Fear,256.464,1,9739.38,True,48.4375,9739.38
0xb1231a4a2dd02f2276fa3c5e2a2f3436e6bfed23,2024-08-31,Fear,0.0,9,11111.126666666667,False,48.4375,100000.14
0xb1231a4a2dd02f2276fa3c5e2a2f3436e6bfed23,2024-09-04,Fear,1065.785132,33,2923.5148484848487,True,48.4375,96475.99
0xb1231a4a2dd02f2276fa3c5e2a2f3436e6bfed23,2024-09-06,Extreme Fear,-1104.856765,38,106.74815789473683,False,48.4375,4056.43
0xb1231a4a2dd02f2276fa3c5e2a2f3436e6bfed23,2024-09-09,Fear,0.0,2,2007.2150000000001,False,48.4375,4014.4300000000003
0xb1231a4a2dd02f2276fa3c5e2a2f3436e6bfed23,2024-09-10,Fear,0.0,1,766.74,False,48.4375,766.74
0xb1231a4a2dd02f2276fa3c5e2a2f3436e6bfed23,2024-09-14,Neutral,0.0,10,101.415,False,48.4375,1014.1500000000001
0xb1231a4a2dd02f2276fa3c5e2a2f3436e6bfed23,2024-09-18,Neutral,-878.684794,145,94.02413793103449,False,48.4375,13633.5
0xb1231a4a2dd02f2276fa3c5e2a2f3436e6bfed23,2024-09-19,Neutral,0.0,19,80.09842105263158,False,48.4375,1521.8700000000001
0xb1231a4a2dd02f2276fa3c5e2a2f3436e6bfed23,2024-09-24,Neutral,0.0,9,111.67333333333335,False,48.4375,1005.0600000000001
0xb1231a4a2dd02f2276fa3c5e2a2f3436e6bfed23,2024-10-04,Fear,0.0,1,0.34,False,48.4375,0.34
0xb1231a4a2dd02f2276fa3c5e2a2f3436e6bfed23,2024-10-08,Neutral,0.0,1,0.58,False,48.4375,0.58
0xb1231a4a2dd02f2276fa3c5e2a2f3436e6bfed23,2024-12-04,Extreme Greed,274999.139393,44,6249.985227272727,True,48.4375,274999.35
0xb1231a4a2dd02f2276fa3c5e2a2f3436e6bfed23,2024-12-05,Extreme Greed,49999.876084999996,4,12499.98,True,48.4375,49999.92
0xb1231a4a2dd02f2276fa3c5e2a2f3436e6bfed23,2024-12-06,Greed,74999.848329,25,2999.9956,True,48.4375,74999.89
0xb1231a4a2dd02f2276fa3c5e2a2f3436e6bfed23,2024-12-07,Extreme Greed,74999.62263,5,15999.469999999998,True,48.4375,79997.34999999999
0xb1231a4a2dd02f2276fa3c5e2a2f3436e6bfed23,2024-12-08,Extreme Greed,0.0,145,3572.0706206896552,False,48.4375,517950.24
0xb1231a4a2dd02f2276fa3c5e2a2f3436e6bfed23,2024-12-11,Greed,274998.942584,156,1762.8148717948718,True,48.4375,274999.12
0xb1231a4a2dd02f2276fa3c5e2a2f3436e6bfed23,2024-12-12,Extreme Greed,449328.107544,314,1430.9824522292993,True,48.4375,449328.49
0xb1231a4a2dd02f2276fa3c5e2a2f3436e6bfed23,2024-12-14,Extreme Greed,100273.248286,50,2005.4666,True,48.4375,100273.33
0xb1231a4a2dd02f2276fa3c5e2a2f3436e6bfed23,2024-12-15,Extreme Greed,49955.768945,26,1921.375769230769,True,48.4375,49955.77
0xb1231a4a2dd02f2276fa3c5e2a2f3436e6bfed23,2024-12-17,Extreme Greed,50346.757308,38,2640.7076315789473,True,48.4375,100346.89
0xb1231a4a2dd02f2276fa3c5e2a2f3436e6bfed23,2024-12-18,Extreme Greed,2222.47801,18,2654.303888888889,True,48.4375,47777.47
0xb1231a4a2dd02f2276fa3c5e2a2f3436e6bfed23,2024-12-20,Greed,0.0,43,2321.7200000000003,False,48.4375,99833.96
0xb1231a4a2dd02f2276fa3c5e2a2f3436e6bfed23,2024-12-21,Greed,0.0,62,1608.8398387096772,False,48.4375,99748.06999999999
0xb1231a4a2dd02f2276fa3c5e2a2f3436e6bfed23,2024-12-23,Greed,20549.813184,63,3635.03126984127,True,48.4375,229006.97
0xb1231a4a2dd02f2276fa3c5e2a2f3436e6bfed23,2024-12-24,Greed,0.0,7,10714.267142857143,False,48.4375,74999.87
0xb1231a4a2dd02f2276fa3c5e2a2f3436e6bfed23,2024-12-26,Extreme Greed,10371.049075,61,1878.7534426229506,True,48.4375,114603.95999999999
0xb1231a4a2dd02f2276fa3c5e2a2f3436e6bfed23,2024-12-30,Greed,0.0,25,3301.7203999999997,False,48.4375,82543.01
0xb1231a4a2dd02f2276fa3c5e2a2f3436e6bfed23,2025-01-02,Greed,0.0,6,1666.6133333333335,False,48.4375,9999.68
0xb1231a4a2dd02f2276fa3c5e2a2f3436e6bfed23,2025-01-03,Greed,0.0,18,557.795,False,48.4375,10040.31
0xb1231a4a2dd02f2276fa3c5e2a2f3436e6bfed23,2025-01-04,Greed,1659.7995640000001,19,1695.0778947368422,True,48.4375,32206.48
0xb1231a4a2dd02f2276fa3c5e2a2f3436e6bfed23,2025-01-05,Greed,956.5545050000001,33,332.21393939393937,True,48.4375,10963.06
0xb1231a4a2dd02f2276fa3c5e2a2f3436e6bfed23,2025-01-06,Extreme Greed,281.45074800000003,85,237.78799999999998,True,48.4375,20211.98
0xb1231a4a2dd02f2276fa3c5e2a2f3436e6bfed23,2025-01-08,Greed,0.0,16,944.90625,False,48.4375,15118.5
0xb1231a4a2dd02f2276fa3c5e2a2f3436e6bfed23,2025-01-15,Greed,5383.278555,11,491.1363636363636,True,48.4375,5402.5
0xb1231a4a2dd02f2276fa3c5e2a2f3436e6bfed23,2025-01-16,Extreme Greed,897.284184,23,1393.2204347826087,True,48.4375,32044.07
0xb1231a4a2dd02f2276fa3c5e2a2f3436e6bfed23,2025-01-18,Extreme Greed,7393.785411,101,1905.1814851485146,True,48.4375,192423.33
0xb1231a4a2dd02f2276fa3c5e2a2f3436e6bfed23,2025-01-19,Extreme Greed,3867.854339,3,6311.63,True,48.4375,18934.89
0xb1231a4a2dd02f2276fa3c5e2a2f3436e6bfed23,2025-01-20,Extreme Greed,0.0,23,1310.68,False,48.4375,30145.64
0xb1231a4a2dd02f2276fa3c5e2a2f3436e6bfed23,2025-01-21,Extreme Greed,2997.363771,52,1598.0225,True,48.4375,83097.17
0xb1231a4a2dd02f2276fa3c5e2a2f3436e6bfed23,2025-01-22,Extreme Greed,0.0,111,1799.2789189189189,False,48.4375,199719.96
0xb1231a4a2dd02f2276fa3c5e2a2f3436e6bfed23,2025-01-23,Extreme Greed,25224.994585,90,2493.861,True,48.4375,224447.49
0xb1231a4a2dd02f2276fa3c5e2a2f3436e6bfed23,2025-01-25,Extreme Greed,0.0,15,1004.8726666666666,False,48.4375,15073.09
0xb1231a4a2dd02f2276fa3c5e2a2f3436e6bfed23,2025-01-27,Greed,0.0,13,3464.2846153846153,False,48.4375,45035.7
0xb1231a4a2dd02f2276fa3c5e2a2f3436e6bfed23,2025-01-29,Greed,0.0,40,305.256,False,48.4375,12210.24
0xb1231a4a2dd02f2276fa3c5e2a2f3436e6bfed23,2025-01-30,Greed,2503.8204370000003,336,1614.6436011904761,True,48.4375,542520.25
0xb1231a4a2dd02f2276fa3c5e2a2f3436e6bfed23,2025-01-31,Extreme Greed,0.0,58,1723.3093103448277,False,48.4375,99951.94
0xb1231a4a2dd02f2276fa3c5e2a2f3436e6bfed23,2025-02-01,Greed,15452.344326,11,1400.39,True,48.4375,15404.29
0xb1231a4a2dd02f2276fa3c5e2a2f3436e6bfed23,2025-02-02,Greed,69051.70619,88,6537.665,True,48.4375,575314.52
0xb1231a4a2dd02f2276fa3c5e2a2f3436e6bfed23,2025-02-03,Fear,46742.288748,258,1333.0556976744185,True,48.4375,343928.37
0xb1231a4a2dd02f2276fa3c5e2a2f3436e6bfed23,2025-02-04,Greed,16102.444634,661,2456.432904689864,True,48.4375,1623702.15
0xb1231a4a2dd02f2276fa3c5e2a2f3436e6bfed23,2025-02-05,Neutral,14644.100674,218,2359.758899082569,True,48.4375,514427.44
0xb1231a4a2dd02f2276fa3c5e2a2f3436e6bfed23,2025-02-06,Neutral,51100.947505,419,1617.0732696897373,True,48.4375,677553.7
0xb1231a4a2dd02f2276fa3c5e2a2f3436e6bfed23,2025-02-07,Fear,1831.9529619999998,143,1073.4656643356643,True,48.4375,153505.59
0xb1231a4a2dd02f2276fa3c5e2a2f3436e6bfed23,2025-02-09,Neutral,115791.92916,67,2647.2844776119405,True,48.4375,177368.06
0xb1231a4a2dd02f2276fa3c5e2a2f3436e6bfed23,2025-02-10,Fear,0.0,17,1960.124705882353,False,48.4375,33322.12
0xb1231a4a2dd02f2276fa3c5e2a2f3436e6bfed23,2025-02-11,Neutral,0.0,121,2285.4152892561983,False,48.4375,276535.25
0xb1231a4a2dd02f2276fa3c5e2a2f3436e6bfed23,2025-02-12,Neutral,8664.933786,243,1698.3335802469135,True,48.4375,412695.06
0xb1231a4a2dd02f2276fa3c5e2a2f3436e6bfed23,2025-02-13,Neutral,0.0,168,1735.2890476190476,False,48.4375,291528.56
0xb1231a4a2dd02f2276fa3c5e2a2f3436e6bfed23,2025-02-14,Neutral,0.0,165,1615.370303030303,False,48.4375,266536.1
0xb1231a4a2dd02f2276fa3c5e2a2f3436e6bfed23,2025-02-18,Neutral,73677.453556,264,2654.748446969697,True,48.4375,700853.59
0xb1231a4a2dd02f2276fa3c5e2a2f3436e6bfed23,2025-02-19,Fear,3350.218775,85,2310.5601176470586,True,48.4375,196397.61
0xb1231a4a2dd02f2276fa3c5e2a2f3436e6bfed23,2025-02-20,Neutral,0.0,279,1452.1574910394265,False,48.4375,405151.94
0xb1231a4a2dd02f2276fa3c5e2a2f3436e6bfed23,2025-02-21,Greed,3056.449155,58,4768.487241379311,True,48.4375,276572.26
0xb1231a4a2dd02f2276fa3c5e2a2f3436e6bfed23,2025-02-22,Neutral,5628.488702,127,1574.8144094488189,True,48.4375,200001.43
0xb1231a4a2dd02f2276fa3c5e2a2f3436e6bfed23,2025-02-23,Neutral,8934.09502,88,2278.3786363636364,True,48.4375,200497.32
0xb1231a4a2dd02f2276fa3c5e2a2f3436e6bfed23,2025-02-24,Neutral,10841.97075,208,1111.8584134615385,True,48.4375,231266.55
0xb1231a4a2dd02f2276fa3c5e2a2f3436e6bfed23,2025-02-25,Fear,0.0,71,1418.0078873239436,False,48.4375,100678.56
0xb1231a4a2dd02f2276fa3c5e2a2f3436e6bfed23,2025-02-26,Extreme Fear,0.0,26,66.875,False,48.4375,1738.75
0xb1231a4a2dd02f2276fa3c5e2a2f3436e6bfed23,2025-02-27,Extreme Fear,0.0,10,1508.357,False,48.4375,15083.57
0xb1231a4a2dd02f2276fa3c5e2a2f3436e6bfed23,2025-03-04,Extreme Fear,0.0,77,1769.9948051948052,False,48.4375,136289.6
0xb1231a4a2dd02f2276fa3c5e2a2f3436e6bfed23,2025-03-05,Extreme Fear,4647.056049,89,2021.519213483146,True,48.4375,179915.21
0xb1231a4a2dd02f2276fa3c5e2a2f3436e6bfed23,2025-03-06,Fear,698.036952,66,1905.741818181818,True,48.4375,125778.95999999999
0xb1231a4a2dd02f2276fa3c5e2a2f3436e6bfed23,2025-03-07,Fear,0.0,49,2891.8463265306123,False,48.4375,141700.47
0xb1231a4a2dd02f2276fa3c5e2a2f3436e6bfed23,2025-03-08,Fear,2923.553302,138,1772.4605797101449,True,48.4375,244599.56
0xb1231a4a2dd02f2276fa3c5e2a2f3436e6bfed23,2025-03-09,Fear,2752.480766,296,1777.5894594594595,True,48.4375,526166.48
0xb1231a4a2dd02f2276fa3c5e2a2f3436e6bfed23,2025-03-10,Extreme Fear,0.0,61,2392.7903278688523,False,48.4375,145960.21
0xb1231a4a2dd02f2276fa3c5e2a2f3436e6bfed23,2025-03-11,Extreme Fear,2349.7162,273,1993.2828205128203,True,48.4375,544166.21
0xb1231a4a2dd02f2276fa3c5e2a2f3436e6bfed23,2025-03-12,Fear,1215.156099,334,1351.2349101796408,True,48.4375,451312.46
0xb1231a4a2dd02f2276fa3c5e2a2f3436e6bfed23,2025-03-13,Neutral,0.0,42,1190.9719047619049,False,48.4375,50020.82
0xb1231a4a2dd02f2276fa3c5e2a2f3436e6bfed23,2025-03-14,Fear,22911.093812,323,1309.496439628483,True,48.4375,422967.35
0xb1231a4a2dd02f2276fa3c5e2a2f3436e6bfed23,2025-03-17,Fear,646.346496,113,718.1312389380531,True,48.4375,81148.83
0xb1231a4a2dd02f2276fa3c5e2a2f3436e6bfed23,2025-03-20,Neutral,824.5402799999999,30,1638.5426666666667,True,48.4375,49156.28
0xb1231a4a2dd02f2276fa3c5e2a2f3436e6bfed23,2025-03-24,Neutral,0.0,57,1314.4001754385965,False,48.4375,74920.81
0xb1231a4a2dd02f2276fa3c5e2a2f3436e6bfed23,2025-03-26,Neutral,2597.947325,38,1903.2236842105262,True,48.4375,72322.5
0xb1231a4a2dd02f2276fa3c5e2a2f3436e6bfed23,2025-04-03,Fear,0.0,9,5555.549999999999,False,48.4375,49999.95
0xb1231a4a2dd02f2276fa3c5e2a2f3436e6bfed23,2025-04-04,Fear,2242.086667,99,1138.8816161616162,True,48.4375,112749.28
0xb1231a4a2dd02f2276fa3c5e2a2f3436e6bfed23,2025-04-07,Extreme Fear,3601.4274,80,1713.7372500000001,True,48.4375,137098.98
0xb1231a4a2dd02f2276fa3c5e2a2f3436e6bfed23,2025-04-11,Fear,0.0,20,1665.941,False,48.4375,33318.82
0xb1231a4a2dd02f2276fa3c5e2a2f3436e6bfed23,2025-04-12,Fear,0.0,17,3918.2294117647057,False,48.4375,66609.9
0xb1231a4a2dd02f2276fa3c5e2a2f3436e6bfed23,2025-04-13,Neutral,0.0,30,1111.095,False,48.4375,33332.85
0xb1231a4a2dd02f2276fa3c5e2a2f3436e6bfed23,2025-04-15,Fear,0.0,50,1466.164,False,48.4375,73308.2
0xb1231a4a2dd02f2276fa3c5e2a2f3436e6bfed23,2025-04-17,Fear,0.0,105,1174.1429523809522,False,48.4375,123285.01
0xb1231a4a2dd02f2276fa3c5e2a2f3436e6bfed23,2025-04-18,Fear,0.0,50,1165.7812,False,48.4375,58289.06
0xb1231a4a2dd02f2276fa3c5e2a2f3436e6bfed23,2025-04-19,Fear,0.0,98,1444.9214285714284,False,48.4375,141602.3
0xb1231a4a2dd02f2276fa3c5e2a2f3436e6bfed23,2025-04-20,Fear,0.0,73,1140.8187671232877,False,48.4375,83279.77
0xb1231a4a2dd02f2276fa3c5e2a2f3436e6bfed23,2025-04-22,Neutral,0.0,73,1461.1758904109588,False,48.4375,106665.84
0xb1231a4a2dd02f2276fa3c5e2a2f3436e6bfed23,2025-04-23,Greed,0.0,6,9722.050000000001,False,48.4375,58332.3
0xb1231a4a2dd02f2276fa3c5e2a2f3436e6bfed23,2025-05-01,Neutral,102460.17164,73,3462.1106849315065,True,48.4375,252734.08
0xb899e522b5715391ae1d4f137653e7906c5e2115,2025-02-28,Extreme Fear,-72.202951,7,735.4342857142857,False,77.14285714285715,5148.04
0xb899e522b5715391ae1d4f137653e7906c5e2115,2025-03-02,Fear,34795.678173,155,24787.07348387097,True,77.14285714285715,3841996.39
0xb899e522b5715391ae1d4f137653e7906c5e2115,2025-03-03,Fear,535.4072209999999,31,16874.44419354839,True,77.14285714285715,523107.77
0xb899e522b5715391ae1d4f137653e7906c5e2115,2025-03-04,Extreme Fear,4578.655427,124,17691.147903225807,True,77.14285714285715,2193702.34
0xb899e522b5715391ae1d4f137653e7906c5e2115,2025-03-05,Extreme Fear,2036.224492,100,17587.334199999998,True,77.14285714285715,1758733.42
0xb899e522b5715391ae1d4f137653e7906c5e2115,2025-03-06,Fear,5348.989502,375,13031.173493333332,True,77.14285714285715,4886690.06
0xb899e522b5715391ae1d4f137653e7906c5e2115,2025-03-07,Fear,5348.62711,659,19006.84864946889,True,77.14285714285715,12525513.26
0xb899e522b5715391ae1d4f137653e7906c5e2115,2025-03-09,Fear,10760.578324,630,13882.096698412699,True,77.14285714285715,8745720.92
0xb899e522b5715391ae1d4f137653e7906c5e2115,2025-03-10,Extreme Fear,9163.142483,358,21399.0256424581,True,77.14285714285715,7660851.18
0xb899e522b5715391ae1d4f137653e7906c5e2115,2025-03-11,Extreme Fear,-57956.282957999996,466,15135.68212446352,False,77.14285714285715,7053227.87
0xb899e522b5715391ae1d4f137653e7906c5e2115,2025-03-12,Fear,4544.583988,251,28258.839880478085,True,77.14285714285715,7092968.81
0xb899e522b5715391ae1d4f137653e7906c5e2115,2025-03-13,Neutral,3896.9493979999997,41,27309.887804878046,True,77.14285714285715,1119705.4
0xb899e522b5715391ae1d4f137653e7906c5e2115,2025-03-14,Fear,1188.74187,82,40522.281463414634,True,77.14285714285715,3322827.08
0xb899e522b5715391ae1d4f137653e7906c5e2115,2025-03-15,Neutral,594.5722,65,29067.860615384616,True,77.14285714285715,1889410.94
0xb899e522b5715391ae1d4f137653e7906c5e2115,2025-03-16,Fear,-16453.702941,246,37204.39219512195,False,77.14285714285715,9152280.48
0xb899e522b5715391ae1d4f137653e7906c5e2115,2025-03-17,Fear,812.52566,51,31991.233333333337,True,77.14285714285715,1631552.9000000001
0xb899e522b5715391ae1d4f137653e7906c5e2115,2025-03-18,Fear,1157.213435,32,49549.2075,True,77.14285714285715,1585574.64
0xb899e522b5715391ae1d4f137653e7906c5e2115,2025-03-20,Neutral,38.9845,2,2217.9049999999997,True,77.14285714285715,4435.8099999999995
0xb899e522b5715391ae1d4f137653e7906c5e2115,2025-03-21,Fear,829.63013,28,55552.7575,True,77.14285714285715,1555477.21
0xb899e522b5715391ae1d4f137653e7906c5e2115,2025-03-23,Fear,907.21938,20,81858.2115,True,77.14285714285715,1637164.23
0xb899e522b5715391ae1d4f137653e7906c5e2115,2025-03-25,Neutral,-836.051084,95,35299.146315789476,False,77.14285714285715,3353418.9
0xb899e522b5715391ae1d4f137653e7906c5e2115,2025-03-26,Neutral,-774.039828,91,10956.067912087912,False,77.14285714285715,997002.1799999999
0xb899e522b5715391ae1d4f137653e7906c5e2115,2025-03-30,Fear,685.277142,48,27852.182083333333,True,77.14285714285715,1336904.74
0xb899e522b5715391ae1d4f137653e7906c5e2115,2025-04-03,Fear,361.071464,24,28371.712916666667,True,77.14285714285715,680921.11
0xb899e522b5715391ae1d4f137653e7906c5e2115,2025-04-04,Fear,0.0,6,16948.606666666667,False,77.14285714285715,101691.64
0xb899e522b5715391ae1d4f137653e7906c5e2115,2025-04-05,Fear,611.49348,5,20460.626,True,77.14285714285715,102303.13
0xb899e522b5715391ae1d4f137653e7906c5e2115,2025-04-06,Fear,254.093244,25,19103.7724,True,77.14285714285715,477594.31
0xb899e522b5715391ae1d4f137653e7906c5e2115,2025-04-07,Extreme Fear,1291.1500099999998,113,23639.45185840708,True,77.14285714285715,2671258.06
0xb899e522b5715391ae1d4f137653e7906c5e2115,2025-04-08,Extreme Fear,936.6942779999999,187,27027.108770053474,True,77.14285714285715,5054069.34
0xb899e522b5715391ae1d4f137653e7906c5e2115,2025-04-09,Extreme Fear,6800.812401,222,27989.12873873874,True,77.14285714285715,6213586.58
0xb899e522b5715391ae1d4f137653e7906c5e2115,2025-04-10,Fear,-117.61638999999997,116,27220.127586206894,False,77.14285714285715,3157534.8
0xb899e522b5715391ae1d4f137653e7906c5e2115,2025-04-11,Fear,-482.407981,128,40357.236015625,False,77.14285714285715,5165726.21
0xb899e522b5715391ae1d4f137653e7906c5e2115,2025-04-12,Fear,50.56792,7,23303.475714285716,True,77.14285714285715,163124.33000000002
0xb899e522b5715391ae1d4f137653e7906c5e2115,2025-04-13,Neutral,1097.533742,20,10551.1865,True,77.14285714285715,211023.73
0xb899e522b5715391ae1d4f137653e7906c5e2115,2025-04-15,Fear,554.38798,28,35885.474642857145,True,77.14285714285715,1004793.29
0xbaaaf6571ab7d571043ff1e313a9609a10637864,2024-12-28,Greed,-0.06076,4,86.5075,False,78.57142857142857,346.03
0xbaaaf6571ab7d571043ff1e313a9609a10637864,2025-02-19,Fear,31.42038,121,4940.588512396694,True,78.57142857142857,597811.21
0xbaaaf6571ab7d571043ff1e313a9609a10637864,2025-02-20,Neutral,35262.804627,185,3421.6945405405404,True,78.57142857142857,633013.49
0xbaaaf6571ab7d571043ff1e313a9609a10637864,2025-02-24,Neutral,22037.667762,4083,1645.9218834190547,True,78.57142857142857,6720299.05
0xbaaaf6571ab7d571043ff1e313a9609a10637864,2025-02-25,Fear,5672.328492,3292,3167.5804404617256,True,78.57142857142857,10427674.81
0xbaaaf6571ab7d571043ff1e313a9609a10637864,2025-02-26,Extreme Fear,23589.520054,470,7136.707680851064,True,78.57142857142857,3354252.61
0xbaaaf6571ab7d571043ff1e313a9609a10637864,2025-03-04,Extreme Fear,0.0,563,6625.281438721137,False,78.57142857142857,3730033.45
0xbaaaf6571ab7d571043ff1e313a9609a10637864,2025-03-05,Extreme Fear,229058.684298,983,4677.476866734486,True,78.57142857142857,4597959.76
0xbaaaf6571ab7d571043ff1e313a9609a10637864,2025-03-06,Fear,0.0,71,9899.837042253523,False,78.57142857142857,702888.43
0xbaaaf6571ab7d571043ff1e313a9609a10637864,2025-03-07,Fear,87405.926823,829,4768.31558504222,True,78.57142857142857,3952933.62
0xbaaaf6571ab7d571043ff1e313a9609a10637864,2025-03-09,Fear,10.184488,47,1697.1225531914893,True,78.57142857142857,79764.76
0xbaaaf6571ab7d571043ff1e313a9609a10637864,2025-03-10,Extreme Fear,5832.316116,667,5033.190044977511,True,78.57142857142857,3357137.76
0xbaaaf6571ab7d571043ff1e313a9609a10637864,2025-03-11,Extreme Fear,1058.58,1651,2186.8561296184134,True,78.57142857142857,3610499.47
0xbaaaf6571ab7d571043ff1e313a9609a10637864,2025-03-12,Fear,289639.089112,2617,3118.5291555215895,True,78.57142857142857,8161190.8
0xbaaaf6571ab7d571043ff1e313a9609a10637864,2025-03-13,Neutral,66.447417,1,22791.99,True,78.57142857142857,22791.99
0xbaaaf6571ab7d571043ff1e313a9609a10637864,2025-03-14,Fear,16591.266757,1662,2140.244061371841,True,78.57142857142857,3557085.63
0xbaaaf6571ab7d571043ff1e313a9609a10637864,2025-03-27,Fear,18422.612928,147,5352.478163265307,True,78.57142857142857,786814.29
0xbaaaf6571ab7d571043ff1e313a9609a10637864,2025-03-28,Fear,0.0,167,1783.29622754491,False,78.57142857142857,297810.47
0xbaaaf6571ab7d571043ff1e313a9609a10637864,2025-03-29,Fear,720.749699,600,2584.3467833333334,True,78.57142857142857,1550608.07
0xbaaaf6571ab7d571043ff1e313a9609a10637864,2025-03-30,Fear,0.0,354,3000.0830508474573,False,78.57142857142857,1062029.4
0xbaaaf6571ab7d571043ff1e313a9609a10637864,2025-03-31,Fear,0.0,33,8569.022424242425,False,78.57142857142857,282777.74
0xbaaaf6571ab7d571043ff1e313a9609a10637864,2025-04-02,Fear,188114.980392,743,3804.6953432032305,True,78.57142857142857,2826888.64
0xbaaaf6571ab7d571043ff1e313a9609a10637864,2025-04-03,Fear,3869.208803,937,4677.174855923159,True,78.57142857142857,4382512.84
0xbaaaf6571ab7d571043ff1e313a9609a10637864,2025-04-04,Fear,9367.872074,318,2198.7353773584905,True,78.57142857142857,699197.85
0xbaaaf6571ab7d571043ff1e313a9609a10637864,2025-04-06,Fear,1026.735896,499,2739.437655310621,True,78.57142857142857,1366979.39
0xbaaaf6571ab7d571043ff1e313a9609a10637864,2025-04-07,Extreme Fear,2378.877324,146,8733.045479452056,True,78.57142857142857,1275024.6400000001
0xbaaaf6571ab7d571043ff1e313a9609a10637864,2025-04-30,Greed,4.733218,1,10.14,True,78.57142857142857,10.14
0xbaaaf6571ab7d571043ff1e313a9609a10637864,2025-05-01,Neutral,1.86032,1,3.9,True,78.57142857142857,3.9
0xbd5fead7180a9c139fa51a103cb6a2ce86ddb5c3,2024-12-10,Extreme Greed,0.0,52,2798.660769230769,False,26.865671641791046,145530.36
0xbd5fead7180a9c139fa51a103cb6a2ce86ddb5c3,2024-12-11,Greed,0.0,17,637.4164705882353,False,26.865671641791046,10836.08
0xbd5fead7180a9c139fa51a103cb6a2ce86ddb5c3,2024-12-12,Extreme Greed,0.0,1,5158.5,False,26.865671641791046,5158.5
0xbd5fead7180a9c139fa51a103cb6a2ce86ddb5c3,2024-12-15,Extreme Greed,0.0,58,1122.5670689655171,False,26.865671641791046,65108.89
0xbd5fead7180a9c139fa51a103cb6a2ce86ddb5c3,2024-12-16,Extreme Greed,0.0,4,663.0799999999999,False,26.865671641791046,2652.3199999999997
0xbd5fead7180a9c139fa51a103cb6a2ce86ddb5c3,2024-12-17,Extreme Greed,0.0,2,1744.65,False,26.865671641791046,3489.3
0xbd5fead7180a9c139fa51a103cb6a2ce86ddb5c3,2024-12-18,Extreme Greed,0.0,14,2207.8585714285714,False,26.865671641791046,30910.02
0xbd5fead7180a9c139fa51a103cb6a2ce86ddb5c3,2024-12-19,Extreme Greed,-128.0,37,6080.864864864865,False,26.865671641791046,224992.0
0xbd5fead7180a9c139fa51a103cb6a2ce86ddb5c3,2024-12-20,Greed,11799.68,66,2843.038636363636,True,26.865671641791046,187640.55
0xbd5fead7180a9c139fa51a103cb6a2ce86ddb5c3,2024-12-23,Greed,0.0,16,3216.5875,False,26.865671641791046,51465.4
0xbd5fead7180a9c139fa51a103cb6a2ce86ddb5c3,2024-12-24,Greed,0.0,10,1070.0,False,26.865671641791046,10700.0
0xbd5fead7180a9c139fa51a103cb6a2ce86ddb5c3,2024-12-29,Greed,0.0,39,2453.2941025641026,False,26.865671641791046,95678.47
0xbd5fead7180a9c139fa51a103cb6a2ce86ddb5c3,2025-01-03,Greed,0.0,61,1834.7278688524589,False,26.865671641791046,111918.4
0xbd5fead7180a9c139fa51a103cb6a2ce86ddb5c3,2025-01-08,Greed,1023.27508,22,1200.6454545454546,True,26.865671641791046,26414.2
0xbd5fead7180a9c139fa51a103cb6a2ce86ddb5c3,2025-01-14,Greed,0.0,8,1589.0237499999998,False,26.865671641791046,12712.189999999999
0xbd5fead7180a9c139fa51a103cb6a2ce86ddb5c3,2025-01-15,Greed,0.0,3,1128.8333333333333,False,26.865671641791046,3386.5
0xbd5fead7180a9c139fa51a103cb6a2ce86ddb5c3,2025-01-16,Extreme Greed,0.0,3,910.4933333333333,False,26.865671641791046,2731.48
0xbd5fead7180a9c139fa51a103cb6a2ce86ddb5c3,2025-01-17,Extreme Greed,0.0,3,1519.4399999999998,False,26.865671641791046,4558.32
0xbd5fead7180a9c139fa51a103cb6a2ce86ddb5c3,2025-01-18,Extreme Greed,-10750.654828,12,7729.219166666667,False,26.865671641791046,92750.63
0xbd5fead7180a9c139fa51a103cb6a2ce86ddb5c3,2025-01-19,Extreme Greed,-7963.5855,30,2508.4396666666667,False,26.865671641791046,75253.19
0xbd5fead7180a9c139fa51a103cb6a2ce86ddb5c3,2025-01-20,Extreme Greed,24895.400898,33,4336.907878787879,True,26.865671641791046,143117.96
0xbd5fead7180a9c139fa51a103cb6a2ce86ddb5c3,2025-01-27,Greed,20428.824,23,2342.7495652173916,True,26.865671641791046,53883.240000000005
0xbd5fead7180a9c139fa51a103cb6a2ce86ddb5c3,2025-01-31,Extreme Greed,0.0,61,1589.025081967213,False,26.865671641791046,96930.53
0xbd5fead7180a9c139fa51a103cb6a2ce86ddb5c3,2025-02-03,Fear,160022.95082600001,69,3243.988695652174,True,26.865671641791046,223835.22
0xbd5fead7180a9c139fa51a103cb6a2ce86ddb5c3,2025-02-04,Greed,0.0,18,3777.777777777778,False,26.865671641791046,68000.0
0xbd5fead7180a9c139fa51a103cb6a2ce86ddb5c3,2025-02-06,Neutral,-24500.0,13,18423.076923076922,False,26.865671641791046,239500.0
0xbd5fead7180a9c139fa51a103cb6a2ce86ddb5c3,2025-02-09,Neutral,0.0,3,625.8133333333334,False,26.865671641791046,1877.44
0xbd5fead7180a9c139fa51a103cb6a2ce86ddb5c3,2025-02-10,Fear,0.0,22,591.3531818181818,False,26.865671641791046,13009.77
0xbd5fead7180a9c139fa51a103cb6a2ce86ddb5c3,2025-02-15,Neutral,0.0,4,805.4399999999999,False,26.865671641791046,3221.7599999999998
0xbd5fead7180a9c139fa51a103cb6a2ce86ddb5c3,2025-02-21,Greed,0.0,33,4675.215454545454,False,26.865671641791046,154282.11
0xbd5fead7180a9c139fa51a103cb6a2ce86ddb5c3,2025-02-22,Neutral,15074.26913,138,7487.178405797102,True,26.865671641791046,1033230.62
0xbd5fead7180a9c139fa51a103cb6a2ce86ddb5c3,2025-02-23,Neutral,0.0,73,2502.296301369863,False,26.865671641791046,182667.63
0xbd5fead7180a9c139fa51a103cb6a2ce86ddb5c3,2025-02-24,Neutral,0.0,28,1796.1407142857145,False,26.865671641791046,50291.94
0xbd5fead7180a9c139fa51a103cb6a2ce86ddb5c3,2025-02-25,Fear,3859.44,28,2181.2564285714284,True,26.865671641791046,61075.18
0xbd5fead7180a9c139fa51a103cb6a2ce86ddb5c3,2025-02-26,Extreme Fear,-871.1949999999999,42,3619.3485714285716,False,26.865671641791046,152012.64
0xbd5fead7180a9c139fa51a103cb6a2ce86ddb5c3,2025-02-27,Extreme Fear,-48309.11776,90,8859.279777777778,False,26.865671641791046,797335.18
0xbd5fead7180a9c139fa51a103cb6a2ce86ddb5c3,2025-02-28,Extreme Fear,67673.757678,59,8249.914915254238,True,26.865671641791046,486744.98
0xbd5fead7180a9c139fa51a103cb6a2ce86ddb5c3,2025-03-02,Fear,-2632.65866,84,12216.244880952381,False,26.865671641791046,1026164.57
0xbd5fead7180a9c139fa51a103cb6a2ce86ddb5c3,2025-03-03,Fear,57561.35367,136,8611.731764705883,True,26.865671641791046,1171195.52
0xbd5fead7180a9c139fa51a103cb6a2ce86ddb5c3,2025-03-04,Extreme Fear,0.0,2,86000.0,False,26.865671641791046,172000.0
0xbd5fead7180a9c139fa51a103cb6a2ce86ddb5c3,2025-03-05,Extreme Fear,3677.4,8,22375.0,True,26.865671641791046,179000.0
0xbd5fead7180a9c139fa51a103cb6a2ce86ddb5c3,2025-03-06,Fear,0.0,16,2433.409375,False,26.865671641791046,38934.55
0xbd5fead7180a9c139fa51a103cb6a2ce86ddb5c3,2025-03-07,Fear,43861.966536,147,9958.719795918369,True,26.865671641791046,1463931.81
0xbd5fead7180a9c139fa51a103cb6a2ce86ddb5c3,2025-03-08,Fear,5836.8743,36,1318.431388888889,True,26.865671641791046,47463.53
0xbd5fead7180a9c139fa51a103cb6a2ce86ddb5c3,2025-03-11,Extreme Fear,0.0,7,4591.028571428572,False,26.865671641791046,32137.2
0xbd5fead7180a9c139fa51a103cb6a2ce86ddb5c3,2025-03-12,Fear,-15387.62119,57,24693.342631578947,False,26.865671641791046,1407520.53
0xbd5fead7180a9c139fa51a103cb6a2ce86ddb5c3,2025-03-18,Fear,-120.432,27,17589.48851851852,False,26.865671641791046,474916.19
0xbd5fead7180a9c139fa51a103cb6a2ce86ddb5c3,2025-03-19,Fear,0.0,26,4414.302692307692,False,26.865671641791046,114771.87
0xbd5fead7180a9c139fa51a103cb6a2ce86ddb5c3,2025-03-26,Neutral,0.0,3,32793.78333333333,False,26.865671641791046,98381.35
0xbd5fead7180a9c139fa51a103cb6a2ce86ddb5c3,2025-03-27,Fear,0.0,21,24814.283809523808,False,26.865671641791046,521099.95999999996
0xbd5fead7180a9c139fa51a103cb6a2ce86ddb5c3,2025-03-31,Fear,-8320.5,3,138666.66666666666,False,26.865671641791046,416000.0
0xbd5fead7180a9c139fa51a103cb6a2ce86ddb5c3,2025-04-01,Fear,-9311.892185,28,5608.603928571429,False,26.865671641791046,157040.91
0xbd5fead7180a9c139fa51a103cb6a2ce86ddb5c3,2025-04-02,Fear,2676.6850000000004,66,2821.9739393939394,True,26.865671641791046,186250.28
0xbd5fead7180a9c139fa51a103cb6a2ce86ddb5c3,2025-04-03,Fear,-5862.0887760000005,12,7051.005833333334,False,26.865671641791046,84612.07
0xbd5fead7180a9c139fa51a103cb6a2ce86ddb5c3,2025-04-04,Fear,-43753.361578,132,5448.201969696969,False,26.865671641791046,719162.6599999999
0xbd5fead7180a9c139fa51a103cb6a2ce86ddb5c3,2025-04-07,Extreme Fear,51942.142881,108,15608.295185185187,True,26.865671641791046,1685695.8800000001
0xbd5fead7180a9c139fa51a103cb6a2ce86ddb5c3,2025-04-09,Extreme Fear,-36400.46439,71,5228.704647887324,False,26.865671641791046,371238.03
0xbd5fead7180a9c139fa51a103cb6a2ce86ddb5c3,2025-04-10,Fear,19858.73334,130,2053.538692307692,True,26.865671641791046,266960.02999999997
0xbd5fead7180a9c139fa51a103cb6a2ce86ddb5c3,2025-04-12,Fear,0.0,24,53073.62666666667,False,26.865671641791046,1273767.04
0xbd5fead7180a9c139fa51a103cb6a2ce86ddb5c3,2025-04-13,Neutral,32724.19729,35,24908.65857142857,True,26.865671641791046,871803.0499999999
0xbd5fead7180a9c139fa51a103cb6a2ce86ddb5c3,2025-04-14,Fear,0.0,51,985.0413725490196,False,26.865671641791046,50237.11
0xbd5fead7180a9c139fa51a103cb6a2ce86ddb5c3,2025-04-15,Fear,18951.678454,27,23060.654814814818,True,26.865671641791046,622637.68
0xbd5fead7180a9c139fa51a103cb6a2ce86ddb5c3,2025-04-16,Fear,9556.6,15,17059.466,True,26.865671641791046,255891.99
0xbd5fead7180a9c139fa51a103cb6a2ce86ddb5c3,2025-04-17,Fear,0.0,11,1086.4290909090907,False,26.865671641791046,11950.72
0xbd5fead7180a9c139fa51a103cb6a2ce86ddb5c3,2025-04-19,Fear,0.0,13,8027.694615384616,False,26.865671641791046,104360.03
0xbd5fead7180a9c139fa51a103cb6a2ce86ddb5c3,2025-04-23,Greed,-2993.575225,34,1538.6438235294117,False,26.865671641791046,52313.89
0xbd5fead7180a9c139fa51a103cb6a2ce86ddb5c3,2025-05-01,Neutral,-113601.02013799999,116,16681.46775862069,False,26.865671641791046,1935050.26
0xbee1707d6b44d4d52bfe19e41f8a828645437aab,2024-12-08,Extreme Greed,15206.395076,92,3401.4840217391306,True,80.1526717557252,312936.53
0xbee1707d6b44d4d52bfe19e41f8a828645437aab,2024-12-09,Extreme Greed,2397.068675,143,3120.5087412587413,True,80.1526717557252,446232.75
0xbee1707d6b44d4d52bfe19e41f8a828645437aab,2024-12-10,Extreme Greed,26600.990442,928,1859.9979202586208,True,80.1526717557252,1726078.07
0xbee1707d6b44d4d52bfe19e41f8a828645437aab,2024-12-11,Greed,24663.690943,530,1207.490075471698,True,80.1526717557252,639969.74
0xbee1707d6b44d4d52bfe19e41f8a828645437aab,2024-12-12,Extreme Greed,130826.491662,1041,2596.416272814601,True,80.1526717557252,2702869.34
0xbee1707d6b44d4d52bfe19e41f8a828645437aab,2024-12-13,Extreme Greed,9405.233313,277,2702.6475451263536,True,80.1526717557252,748633.37
0xbee1707d6b44d4d52bfe19e41f8a828645437aab,2024-12-14,Extreme Greed,1294.450646,70,6203.194285714286,True,80.1526717557252,434223.6
0xbee1707d6b44d4d52bfe19e41f8a828645437aab,2024-12-15,Extreme Greed,1703.2571850000002,9,2227.3388888888894,True,80.1526717557252,20046.050000000003
0xbee1707d6b44d4d52bfe19e41f8a828645437aab,2024-12-16,Extreme Greed,126852.290809,245,4090.4684897959187,True,80.1526717557252,1002164.78
0xbee1707d6b44d4d52bfe19e41f8a828645437aab,2024-12-17,Extreme Greed,128648.384642,476,3056.9325000000003,True,80.1526717557252,1455099.87
0xbee1707d6b44d4d52bfe19e41f8a828645437aab,2024-12-18,Extreme Greed,2139.192941,342,2279.296023391813,True,80.1526717557252,779519.24
0xbee1707d6b44d4d52bfe19e41f8a828645437aab,2024-12-19,Extreme Greed,27888.195088,2076,2272.286083815029,True,80.1526717557252,4717265.91
0xbee1707d6b44d4d52bfe19e41f8a828645437aab,2024-12-20,Greed,139628.47633,1259,2917.238474980143,True,80.1526717557252,3672803.24
0xbee1707d6b44d4d52bfe19e41f8a828645437aab,2024-12-21,Greed,103460.844587,805,3172.574695652174,True,80.1526717557252,2553922.63
0xbee1707d6b44d4d52bfe19e41f8a828645437aab,2024-12-22,Greed,19694.301887,108,5072.932685185185,True,80.1526717557252,547876.73
0xbee1707d6b44d4d52bfe19e41f8a828645437aab,2024-12-23,Greed,-76194.26162399999,1482,3278.057968960864,False,80.1526717557252,4858081.91
0xbee1707d6b44d4d52bfe19e41f8a828645437aab,2024-12-24,Greed,-5527.285214,81,3502.3662962962962,False,80.1526717557252,283691.67
0xbee1707d6b44d4d52bfe19e41f8a828645437aab,2024-12-25,Greed,-1059.724367,35,5163.3108571428575,False,80.1526717557252,180715.88
0xbee1707d6b44d4d52bfe19e41f8a828645437aab,2024-12-26,Extreme Greed,3103.720794,337,4189.758931750742,True,80.1526717557252,1411948.76
0xbee1707d6b44d4d52bfe19e41f8a828645437aab,2024-12-27,Greed,0.0,1,0.06,False,80.1526717557252,0.06
0xbee1707d6b44d4d52bfe19e41f8a828645437aab,2025-01-10,Neutral,0.0,2,2999.81,False,80.1526717557252,5999.62
0xbee1707d6b44d4d52bfe19e41f8a828645437aab,2025-01-11,Greed,65.42769200000001,9,1165.4522222222222,True,80.1526717557252,10489.07
0xbee1707d6b44d4d52bfe19e41f8a828645437aab,2025-01-13,Greed,0.0,11,1488.3963636363637,False,80.1526717557252,16372.36
0xbee1707d6b44d4d52bfe19e41f8a828645437aab,2025-01-14,Greed,5103.198502,67,1344.250895522388,True,80.1526717557252,90064.81
0xbee1707d6b44d4d52bfe19e41f8a828645437aab,2025-01-15,Greed,66.63180299999999,8,908.50375,True,80.1526717557252,7268.03
0xbee1707d6b44d4d52bfe19e41f8a828645437aab,2025-01-16,Extreme Greed,0.0,2,1587.855,False,80.1526717557252,3175.71
0xbee1707d6b44d4d52bfe19e41f8a828645437aab,2025-01-17,Extreme Greed,77.26888,7,1463.1599999999999,True,80.1526717557252,10242.119999999999
0xbee1707d6b44d4d52bfe19e41f8a828645437aab,2025-01-18,Extreme Greed,0.0,13,2035.5961538461538,False,80.1526717557252,26462.75
0xbee1707d6b44d4d52bfe19e41f8a828645437aab,2025-01-19,Extreme Greed,512.9694489999999,29,983.9131034482758,True,80.1526717557252,28533.48
0xbee1707d6b44d4d52bfe19e41f8a828645437aab,2025-01-20,Extreme Greed,-4968.452873,191,791.7238219895288,False,80.1526717557252,151219.25
0xbee1707d6b44d4d52bfe19e41f8a828645437aab,2025-01-21,Extreme Greed,1343.189535,50,721.1088000000001,True,80.1526717557252,36055.44
0xbee1707d6b44d4d52bfe19e41f8a828645437aab,2025-01-22,Extreme Greed,554.298224,13,767.0084615384616,True,80.1526717557252,9971.11
0xbee1707d6b44d4d52bfe19e41f8a828645437aab,2025-01-23,Extreme Greed,-133.631755,16,989.034375,False,80.1526717557252,15824.55
0xbee1707d6b44d4d52bfe19e41f8a828645437aab,2025-01-24,Extreme Greed,2109.118305,84,921.5711904761904,True,80.1526717557252,77411.98
0xbee1707d6b44d4d52bfe19e41f8a828645437aab,2025-01-25,Extreme Greed,107.54725099999999,33,742.9863636363636,True,80.1526717557252,24518.55
0xbee1707d6b44d4d52bfe19e41f8a828645437aab,2025-01-26,Greed,1012.208613,27,1029.6403703703704,True,80.1526717557252,27800.29
0xbee1707d6b44d4d52bfe19e41f8a828645437aab,2025-01-27,Greed,-220.548198,56,1004.7960714285715,False,80.1526717557252,56268.58
0xbee1707d6b44d4d52bfe19e41f8a828645437aab,2025-01-28,Greed,6959.984986,121,1173.1775206611571,True,80.1526717557252,141954.48
0xbee1707d6b44d4d52bfe19e41f8a828645437aab,2025-01-29,Greed,1193.2639530000001,76,967.4096052631579,True,80.1526717557252,73523.13
0xbee1707d6b44d4d52bfe19e41f8a828645437aab,2025-01-30,Greed,1072.220367,268,1278.6088059701492,True,80.1526717557252,342667.16
0xbee1707d6b44d4d52bfe19e41f8a828645437aab,2025-01-31,Extreme Greed,3143.489896,249,1556.0202409638553,True,80.1526717557252,387449.04
0xbee1707d6b44d4d52bfe19e41f8a828645437aab,2025-02-01,Greed,2954.521713,187,1204.9785026737968,True,80.1526717557252,225330.98
0xbee1707d6b44d4d52bfe19e41f8a828645437aab,2025-02-02,Greed,-329.680689,131,1839.5793129770993,False,80.1526717557252,240984.89
0xbee1707d6b44d4d52bfe19e41f8a828645437aab,2025-02-03,Fear,5803.573999,325,1758.0771384615382,True,80.1526717557252,571375.07
0xbee1707d6b44d4d52bfe19e41f8a828645437aab,2025-02-04,Greed,806.765131,248,1351.8856048387097,True,80.1526717557252,335267.63
0xbee1707d6b44d4d52bfe19e41f8a828645437aab,2025-02-05,Neutral,713.82809,14,3668.815,True,80.1526717557252,51363.41
0xbee1707d6b44d4d52bfe19e41f8a828645437aab,2025-02-06,Neutral,1212.452697,29,1363.3675862068965,True,80.1526717557252,39537.659999999996
0xbee1707d6b44d4d52bfe19e41f8a828645437aab,2025-02-07,Fear,2631.225181,125,2059.84464,True,80.1526717557252,257480.58
0xbee1707d6b44d4d52bfe19e41f8a828645437aab,2025-02-08,Fear,-189.463436,13,2671.7584615384617,False,80.1526717557252,34732.86
0xbee1707d6b44d4d52bfe19e41f8a828645437aab,2025-02-09,Neutral,204.72190899999998,56,1334.912142857143,True,80.1526717557252,74755.08
0xbee1707d6b44d4d52bfe19e41f8a828645437aab,2025-02-10,Fear,3796.008199,140,1484.4517857142857,True,80.1526717557252,207823.25
0xbee1707d6b44d4d52bfe19e41f8a828645437aab,2025-02-11,Neutral,1901.6318190000002,52,1947.8190384615384,True,80.1526717557252,101286.59
0xbee1707d6b44d4d52bfe19e41f8a828645437aab,2025-02-12,Neutral,1747.1899090000002,71,1623.5340845070423,True,80.1526717557252,115270.92
0xbee1707d6b44d4d52bfe19e41f8a828645437aab,2025-02-13,Neutral,5096.967096,156,1561.7910256410255,True,80.1526717557252,243639.4
0xbee1707d6b44d4d52bfe19e41f8a828645437aab,2025-02-14,Neutral,-1818.156466,166,1363.292951807229,False,80.1526717557252,226306.63
0xbee1707d6b44d4d52bfe19e41f8a828645437aab,2025-02-15,Neutral,3822.79759,130,1798.402076923077,True,80.1526717557252,233792.27
0xbee1707d6b44d4d52bfe19e41f8a828645437aab,2025-02-16,Neutral,321.733978,54,1193.8803703703704,True,80.1526717557252,64469.54
0xbee1707d6b44d4d52bfe19e41f8a828645437aab,2025-02-17,Neutral,111.69658399999999,151,1591.1465562913907,True,80.1526717557252,240263.13
0xbee1707d6b44d4d52bfe19e41f8a828645437aab,2025-02-18,Neutral,3935.153067,512,1823.6225390625,True,80.1526717557252,933694.74
0xbee1707d6b44d4d52bfe19e41f8a828645437aab,2025-02-19,Fear,5930.986467,406,1708.6227586206896,True,80.1526717557252,693700.84
0xbee1707d6b44d4d52bfe19e41f8a828645437aab,2025-02-20,Neutral,819.221222,162,1142.087962962963,True,80.1526717557252,185018.25
0xbee1707d6b44d4d52bfe19e41f8a828645437aab,2025-02-21,Greed,4483.141317,255,1669.3589019607844,True,80.1526717557252,425686.52
0xbee1707d6b44d4d52bfe19e41f8a828645437aab,2025-02-22,Neutral,1391.928432,60,1097.3101666666666,True,80.1526717557252,65838.61
0xbee1707d6b44d4d52bfe19e41f8a828645437aab,2025-02-23,Neutral,383.135241,45,2283.7915555555555,True,80.1526717557252,102770.62
0xbee1707d6b44d4d52bfe19e41f8a828645437aab,2025-02-24,Neutral,-10373.274402000001,744,1398.9927284946236,False,80.1526717557252,1040850.59
0xbee1707d6b44d4d52bfe19e41f8a828645437aab,2025-02-25,Fear,-23384.358492,1642,1441.9933982947625,False,80.1526717557252,2367753.16
0xbee1707d6b44d4d52bfe19e41f8a828645437aab,2025-02-26,Extreme Fear,2617.069579,394,1509.370609137056,True,80.1526717557252,594692.02
0xbee1707d6b44d4d52bfe19e41f8a828645437aab,2025-02-27,Extreme Fear,2886.786952,703,1449.1966998577525,True,80.1526717557252,1018785.28
0xbee1707d6b44d4d52bfe19e41f8a828645437aab,2025-02-28,Extreme Fear,2642.770468,302,1355.6750662251654,True,80.1526717557252,409413.87
0xbee1707d6b44d4d52bfe19e41f8a828645437aab,2025-03-01,Extreme Fear,446.358633,51,1384.9447058823528,True,80.1526717557252,70632.18
0xbee1707d6b44d4d52bfe19e41f8a828645437aab,2025-03-02,Fear,2576.6453030000002,102,1921.2604901960785,True,80.1526717557252,195968.57
0xbee1707d6b44d4d52bfe19e41f8a828645437aab,2025-03-03,Fear,2448.046511,73,1970.5965753424655,True,80.1526717557252,143853.55
0xbee1707d6b44d4d52bfe19e41f8a828645437aab,2025-03-04,Extreme Fear,-4934.6700519999995,979,1496.3304392236976,False,80.1526717557252,1464907.5
0xbee1707d6b44d4d52bfe19e41f8a828645437aab,2025-03-05,Extreme Fear,12814.770318,202,1811.146831683168,True,80.1526717557252,365851.66
0xbee1707d6b44d4d52bfe19e41f8a828645437aab,2025-03-06,Fear,601.486585,88,1406.2047727272727,True,80.1526717557252,123746.02
0xbee1707d6b44d4d52bfe19e41f8a828645437aab,2025-03-07,Fear,9142.064849,623,1885.9940930979135,True,80.1526717557252,1174974.32
0xbee1707d6b44d4d52bfe19e41f8a828645437aab,2025-03-08,Fear,2219.262399,134,1190.7070895522388,True,80.1526717557252,159554.75
0xbee1707d6b44d4d52bfe19e41f8a828645437aab,2025-03-09,Fear,805.6551000000001,178,1607.242191011236,True,80.1526717557252,286089.11
0xbee1707d6b44d4d52bfe19e41f8a828645437aab,2025-03-10,Extreme Fear,9791.668235,1428,1381.5543347338937,True,80.1526717557252,1972859.59
0xbee1707d6b44d4d52bfe19e41f8a828645437aab,2025-03-11,Extreme Fear,-136.41741799999994,333,1225.6175075075075,False,80.1526717557252,408130.63
0xbee1707d6b44d4d52bfe19e41f8a828645437aab,2025-03-12,Fear,8096.937709,553,1791.739095840868,True,80.1526717557252,990831.72
0xbee1707d6b44d4d52bfe19e41f8a828645437aab,2025-03-13,Neutral,5090.880874,690,1461.4744347826086,True,80.1526717557252,1008417.36
0xbee1707d6b44d4d52bfe19e41f8a828645437aab,2025-03-14,Fear,-49.67229100000003,92,1729.6968478260867,False,80.1526717557252,159132.11
0xbee1707d6b44d4d52bfe19e41f8a828645437aab,2025-03-15,Neutral,1764.258791,75,1705.1933333333334,True,80.1526717557252,127889.5
0xbee1707d6b44d4d52bfe19e41f8a828645437aab,2025-03-16,Fear,5.068941999999993,97,1426.0048453608247,True,80.1526717557252,138322.47
0xbee1707d6b44d4d52bfe19e41f8a828645437aab,2025-03-17,Fear,390.08642000000003,241,1349.2339834024897,True,80.1526717557252,325165.39
0xbee1707d6b44d4d52bfe19e41f8a828645437aab,2025-03-18,Fear,1930.871511,266,1325.5640225563911,True,80.1526717557252,352600.03
0xbee1707d6b44d4d52bfe19e41f8a828645437aab,2025-03-19,Fear,5253.432742,879,1873.024300341297,True,80.1526717557252,1646388.36
0xbee1707d6b44d4d52bfe19e41f8a828645437aab,2025-03-20,Neutral,-682.2653320000001,283,1533.3633215547704,False,80.1526717557252,433941.82
0xbee1707d6b44d4d52bfe19e41f8a828645437aab,2025-03-21,Fear,4866.15672,550,1152.8391272727274,True,80.1526717557252,634061.52
0xbee1707d6b44d4d52bfe19e41f8a828645437aab,2025-03-22,Fear,1637.832293,344,1502.8190988372094,True,80.1526717557252,516969.77
0xbee1707d6b44d4d52bfe19e41f8a828645437aab,2025-03-23,Fear,882.848973,178,972.4924719101124,True,80.1526717557252,173103.66
0xbee1707d6b44d4d52bfe19e41f8a828645437aab,2025-03-24,Neutral,7122.965048,500,1389.18776,True,80.1526717557252,694593.88
0xbee1707d6b44d4d52bfe19e41f8a828645437aab,2025-03-25,Neutral,1256.867824,306,1210.40545751634,True,80.1526717557252,370384.07
0xbee1707d6b44d4d52bfe19e41f8a828645437aab,2025-03-26,Neutral,-6062.660109,2551,1854.422602900823,False,80.1526717557252,4730632.06
0xbee1707d6b44d4d52bfe19e41f8a828645437aab,2025-03-27,Fear,1743.483217,136,1246.1119852941176,True,80.1526717557252,169471.23
0xbee1707d6b44d4d52bfe19e41f8a828645437aab,2025-03-28,Fear,1841.802102,246,1143.3873983739836,True,80.1526717557252,281273.3
0xbee1707d6b44d4d52bfe19e41f8a828645437aab,2025-03-29,Fear,-3661.1103980000003,965,1381.2940414507773,False,80.1526717557252,1332948.75
0xbee1707d6b44d4d52bfe19e41f8a828645437aab,2025-03-30,Fear,536.150767,53,1635.4145283018868,True,80.1526717557252,86676.97
0xbee1707d6b44d4d52bfe19e41f8a828645437aab,2025-03-31,Fear,41.27745400000002,81,809.165061728395,True,80.1526717557252,65542.37
0xbee1707d6b44d4d52bfe19e41f8a828645437aab,2025-04-01,Fear,147.445788,35,1226.783142857143,True,80.1526717557252,42937.41
0xbee1707d6b44d4d52bfe19e41f8a828645437aab,2025-04-02,Fear,1842.839943,118,991.0424576271186,True,80.1526717557252,116943.01
0xbee1707d6b44d4d52bfe19e41f8a828645437aab,2025-04-03,Fear,-3368.876326,261,1706.5415708812259,False,80.1526717557252,445407.35
0xbee1707d6b44d4d52bfe19e41f8a828645437aab,2025-04-04,Fear,-4513.160132,326,1419.9448159509202,False,80.1526717557252,462902.01
0xbee1707d6b44d4d52bfe19e41f8a828645437aab,2025-04-05,Fear,1113.761229,90,1116.7745555555557,True,80.1526717557252,100509.71
0xbee1707d6b44d4d52bfe19e41f8a828645437aab,2025-04-06,Fear,1828.77716,114,2081.839298245614,True,80.1526717557252,237329.68
0xbee1707d6b44d4d52bfe19e41f8a828645437aab,2025-04-07,Extreme Fear,-9593.258137,386,1632.7632383419689,False,80.1526717557252,630246.61
0xbee1707d6b44d4d52bfe19e41f8a828645437aab,2025-04-08,Extreme Fear,11735.32104,167,1521.912754491018,True,80.1526717557252,254159.43
0xbee1707d6b44d4d52bfe19e41f8a828645437aab,2025-04-09,Extreme Fear,2503.69251,134,1143.0998507462687,True,80.1526717557252,153175.38
0xbee1707d6b44d4d52bfe19e41f8a828645437aab,2025-04-10,Fear,35.58096,52,962.6380769230769,True,80.1526717557252,50057.18
0xbee1707d6b44d4d52bfe19e41f8a828645437aab,2025-04-11,Fear,857.60294,123,1340.7579674796746,True,80.1526717557252,164913.22999999998
0xbee1707d6b44d4d52bfe19e41f8a828645437aab,2025-04-12,Fear,4358.599132,307,1530.1273615635178,True,80.1526717557252,469749.1
0xbee1707d6b44d4d52bfe19e41f8a828645437aab,2025-04-13,Neutral,2319.824156,346,1441.715028901734,True,80.1526717557252,498833.4
0xbee1707d6b44d4d52bfe19e41f8a828645437aab,2025-04-14,Fear,6100.692122,380,1437.8765263157893,True,80.1526717557252,546393.08
0xbee1707d6b44d4d52bfe19e41f8a828645437aab,2025-04-15,Fear,920.056063,40,2489.536,True,80.1526717557252,99581.44
0xbee1707d6b44d4d52bfe19e41f8a828645437aab,2025-04-16,Fear,1958.056487,286,1250.2118181818182,True,80.1526717557252,357560.58
0xbee1707d6b44d4d52bfe19e41f8a828645437aab,2025-04-17,Fear,3359.966896,588,1417.4413265306123,True,80.1526717557252,833455.5
0xbee1707d6b44d4d52bfe19e41f8a828645437aab,2025-04-18,Fear,2945.701617,562,1507.8099822064057,True,80.1526717557252,847389.21
0xbee1707d6b44d4d52bfe19e41f8a828645437aab,2025-04-19,Fear,976.5105639999999,971,1419.0301441812564,True,80.1526717557252,1377878.27
0xbee1707d6b44d4d52bfe19e41f8a828645437aab,2025-04-20,Fear,807.262731,63,1074.8039682539682,True,80.1526717557252,67712.65
0xbee1707d6b44d4d52bfe19e41f8a828645437aab,2025-04-21,Fear,711.68096,55,1553.0632727272728,True,80.1526717557252,85418.48
0xbee1707d6b44d4d52bfe19e41f8a828645437aab,2025-04-22,Neutral,1463.173211,427,1607.504824355972,True,80.1526717557252,686404.56
0xbee1707d6b44d4d52bfe19e41f8a828645437aab,2025-04-23,Greed,1700.638677,329,1806.9595136778116,True,80.1526717557252,594489.68
0xbee1707d6b44d4d52bfe19e41f8a828645437aab,2025-04-24,Greed,-45.94597,2,3645.04,False,80.1526717557252,7290.08
0xbee1707d6b44d4d52bfe19e41f8a828645437aab,2025-04-25,Greed,1101.511718,154,1040.8414935064934,True,80.1526717557252,160289.59
0xbee1707d6b44d4d52bfe19e41f8a828645437aab,2025-04-26,Greed,18.390524,29,1771.744827586207,True,80.1526717557252,51380.600000000006
0xbee1707d6b44d4d52bfe19e41f8a828645437aab,2025-04-27,Greed,1709.194807,82,2153.8593902439025,True,80.1526717557252,176616.47
0xbee1707d6b44d4d52bfe19e41f8a828645437aab,2025-04-28,Neutral,4008.588908,430,1495.5384186046513,True,80.1526717557252,643081.52
0xbee1707d6b44d4d52bfe19e41f8a828645437aab,2025-04-29,Greed,8561.771838,902,1939.7399889135254,True,80.1526717557252,1749645.47
0xbee1707d6b44d4d52bfe19e41f8a828645437aab,2025-04-30,Greed,2520.773814,75,1748.8053333333332,True,80.1526717557252,131160.4
0xbee1707d6b44d4d52bfe19e41f8a828645437aab,2025-05-01,Neutral,1364.022527,131,2448.466488549618,True,80.1526717557252,320749.11
